variant,learner_id,archetype,start,end,pre_level,dropped,tau_react,tau_recover
static,1,struggling_novice,0,10,2,0,,
unconstrained_genui,1,struggling_novice,0,10,1,0,,
rule_based,1,struggling_novice,0,10,1,0,,
closed_loop,1,struggling_novice,0,10,1,0,,
ablation_no_derivative_filter,1,struggling_novice,0,10,1,0,,
ablation_no_anti_windup,1,struggling_novice,0,10,1,0,,
ablation_level_slew_limit,1,struggling_novice,0,10,1,0,,
static,3,struggling_novice,8,26,2,0,,
unconstrained_genui,3,struggling_novice,8,26,2,1,2,2
rule_based,3,struggling_novice,8,26,1,0,,
closed_loop,3,struggling_novice,8,26,1,0,,
ablation_no_derivative_filter,3,struggling_novice,8,26,1,0,,
ablation_no_anti_windup,3,struggling_novice,8,26,1,0,,
ablation_level_slew_limit,3,struggling_novice,8,26,1,0,,
static,4,struggling_novice,0,6,2,0,,
static,4,struggling_novice,8,21,2,0,,
unconstrained_genui,4,struggling_novice,0,6,1,0,,
unconstrained_genui,4,struggling_novice,8,21,2,1,1,2
rule_based,4,struggling_novice,0,6,1,0,,
rule_based,4,struggling_novice,8,21,1,0,,
closed_loop,4,struggling_novice,0,6,1,0,,
closed_loop,4,struggling_novice,8,21,1,0,,
ablation_no_derivative_filter,4,struggling_novice,0,6,1,0,,
ablation_no_derivative_filter,4,struggling_novice,8,21,1,0,,
ablation_no_anti_windup,4,struggling_novice,0,6,1,0,,
ablation_no_anti_windup,4,struggling_novice,8,21,1,0,,
ablation_level_slew_limit,4,struggling_novice,0,6,1,0,,
ablation_level_slew_limit,4,struggling_novice,8,21,1,0,,
static,7,struggling_novice,0,14,2,0,,
static,7,struggling_novice,22,34,2,0,,
unconstrained_genui,7,struggling_novice,0,14,1,0,,
unconstrained_genui,7,struggling_novice,22,34,3,1,1,
rule_based,7,struggling_novice,0,14,1,0,,
rule_based,7,struggling_novice,22,34,1,0,,
closed_loop,7,struggling_novice,0,14,1,0,,
closed_loop,7,struggling_novice,22,34,1,0,,
ablation_no_derivative_filter,7,struggling_novice,0,14,1,0,,
ablation_no_derivative_filter,7,struggling_novice,22,34,1,0,,
ablation_no_anti_windup,7,struggling_novice,0,14,1,0,,
ablation_no_anti_windup,7,struggling_novice,22,34,1,0,,
ablation_level_slew_limit,7,struggling_novice,0,14,1,0,,
ablation_level_slew_limit,7,struggling_novice,22,34,1,0,,
static,8,struggling_novice,0,11,2,0,,
unconstrained_genui,8,struggling_novice,0,11,1,0,,
rule_based,8,struggling_novice,0,11,1,0,,
closed_loop,8,struggling_novice,0,11,1,0,,
ablation_no_derivative_filter,8,struggling_novice,0,11,1,0,,
ablation_no_anti_windup,8,struggling_novice,0,11,1,0,,
ablation_level_slew_limit,8,struggling_novice,0,11,1,0,,
static,9,struggling_novice,0,10,2,0,,
unconstrained_genui,9,struggling_novice,0,10,1,0,,
rule_based,9,struggling_novice,0,10,1,0,,
closed_loop,9,struggling_novice,0,10,1,0,,
ablation_no_derivative_filter,9,struggling_novice,0,10,1,0,,
ablation_no_anti_windup,9,struggling_novice,0,10,1,0,,
ablation_level_slew_limit,9,struggling_novice,0,10,1,0,,
static,10,struggling_novice,0,6,2,0,,
unconstrained_genui,10,struggling_novice,0,6,1,0,,
rule_based,10,struggling_novice,0,6,1,0,,
closed_loop,10,struggling_novice,0,6,1,0,,
ablation_no_derivative_filter,10,struggling_novice,0,6,1,0,,
ablation_no_anti_windup,10,struggling_novice,0,6,1,0,,
ablation_level_slew_limit,10,struggling_novice,0,6,1,0,,
static,11,struggling_novice,0,5,2,0,,
static,11,struggling_novice,12,17,2,0,,
static,11,struggling_novice,19,24,2,0,,
unconstrained_genui,11,struggling_novice,0,5,2,1,1,3
unconstrained_genui,11,struggling_novice,12,17,2,1,2,2
unconstrained_genui,11,struggling_novice,19,24,2,1,3,2
rule_based,11,struggling_novice,0,5,1,0,,
rule_based,11,struggling_novice,12,17,1,0,,
rule_based,11,struggling_novice,19,24,1,0,,
closed_loop,11,struggling_novice,0,5,1,0,,
closed_loop,11,struggling_novice,12,17,1,0,,
closed_loop,11,struggling_novice,19,24,1,0,,
ablation_no_derivative_filter,11,struggling_novice,0,5,1,0,,
ablation_no_derivative_filter,11,struggling_novice,12,17,1,0,,
ablation_no_derivative_filter,11,struggling_novice,19,24,1,0,,
ablation_no_anti_windup,11,struggling_novice,0,5,1,0,,
ablation_no_anti_windup,11,struggling_novice,12,17,1,0,,
ablation_no_anti_windup,11,struggling_novice,19,24,1,0,,
ablation_level_slew_limit,11,struggling_novice,0,5,1,0,,
ablation_level_slew_limit,11,struggling_novice,12,17,1,0,,
ablation_level_slew_limit,11,struggling_novice,19,24,1,0,,
static,13,struggling_novice,0,4,2,0,,
unconstrained_genui,13,struggling_novice,0,4,2,1,3,2
rule_based,13,struggling_novice,0,4,1,0,,
closed_loop,13,struggling_novice,0,4,1,0,,
ablation_no_derivative_filter,13,struggling_novice,0,4,1,0,,
ablation_no_anti_windup,13,struggling_novice,0,4,1,0,,
ablation_level_slew_limit,13,struggling_novice,0,4,1,0,,
static,14,struggling_novice,0,5,2,0,,
unconstrained_genui,14,struggling_novice,0,5,1,0,,
rule_based,14,struggling_novice,0,5,1,0,,
closed_loop,14,struggling_novice,0,5,1,0,,
ablation_no_derivative_filter,14,struggling_novice,0,5,1,0,,
ablation_no_anti_windup,14,struggling_novice,0,5,1,0,,
ablation_level_slew_limit,14,struggling_novice,0,5,1,0,,
static,15,struggling_novice,0,5,2,0,,
static,15,struggling_novice,7,12,2,0,,
static,15,struggling_novice,14,22,2,0,,
static,15,struggling_novice,24,39,2,0,,
unconstrained_genui,15,struggling_novice,0,5,1,0,,
unconstrained_genui,15,struggling_novice,7,12,3,1,1,
unconstrained_genui,15,struggling_novice,14,22,2,1,2,2
unconstrained_genui,15,struggling_novice,24,39,2,1,2,
rule_based,15,struggling_novice,0,5,1,0,,
rule_based,15,struggling_novice,7,12,1,0,,
rule_based,15,struggling_novice,14,22,1,0,,
rule_based,15,struggling_novice,24,39,1,0,,
closed_loop,15,struggling_novice,0,5,1,0,,
closed_loop,15,struggling_novice,7,12,1,0,,
closed_loop,15,struggling_novice,14,22,1,0,,
closed_loop,15,struggling_novice,24,39,1,0,,
ablation_no_derivative_filter,15,struggling_novice,0,5,1,0,,
ablation_no_derivative_filter,15,struggling_novice,7,12,1,0,,
ablation_no_derivative_filter,15,struggling_novice,14,22,1,0,,
ablation_no_derivative_filter,15,struggling_novice,24,39,1,0,,
ablation_no_anti_windup,15,struggling_novice,0,5,1,0,,
ablation_no_anti_windup,15,struggling_novice,7,12,1,0,,
ablation_no_anti_windup,15,struggling_novice,14,22,1,0,,
ablation_no_anti_windup,15,struggling_novice,24,39,1,0,,
ablation_level_slew_limit,15,struggling_novice,0,5,1,0,,
ablation_level_slew_limit,15,struggling_novice,7,12,1,0,,
ablation_level_slew_limit,15,struggling_novice,14,22,1,0,,
ablation_level_slew_limit,15,struggling_novice,24,39,1,0,,
static,16,struggling_novice,0,10,2,0,,
static,16,struggling_novice,12,19,2,0,,
unconstrained_genui,16,struggling_novice,0,10,3,1,1,2
unconstrained_genui,16,struggling_novice,12,19,3,1,1,2
rule_based,16,struggling_novice,0,10,1,0,,
rule_based,16,struggling_novice,12,19,1,0,,
closed_loop,16,struggling_novice,0,10,1,0,,
closed_loop,16,struggling_novice,12,19,1,0,,
ablation_no_derivative_filter,16,struggling_novice,0,10,1,0,,
ablation_no_derivative_filter,16,struggling_novice,12,19,1,0,,
ablation_no_anti_windup,16,struggling_novice,0,10,1,0,,
ablation_no_anti_windup,16,struggling_novice,12,19,1,0,,
ablation_level_slew_limit,16,struggling_novice,0,10,1,0,,
ablation_level_slew_limit,16,struggling_novice,12,19,1,0,,
static,17,struggling_novice,4,9,2,0,,
unconstrained_genui,17,struggling_novice,4,9,3,1,1,3
rule_based,17,struggling_novice,4,9,1,0,,
closed_loop,17,struggling_novice,4,9,1,0,,
ablation_no_derivative_filter,17,struggling_novice,4,9,1,0,,
ablation_no_anti_windup,17,struggling_novice,4,9,1,0,,
ablation_level_slew_limit,17,struggling_novice,4,9,1,0,,
static,19,struggling_novice,0,9,2,0,,
unconstrained_genui,19,struggling_novice,0,9,1,0,,
rule_based,19,struggling_novice,0,9,1,0,,
closed_loop,19,struggling_novice,0,9,1,0,,
ablation_no_derivative_filter,19,struggling_novice,0,9,1,0,,
ablation_no_anti_windup,19,struggling_novice,0,9,1,0,,
ablation_level_slew_limit,19,struggling_novice,0,9,1,0,,
static,20,struggling_novice,0,6,2,0,,
unconstrained_genui,20,struggling_novice,0,6,1,0,,
rule_based,20,struggling_novice,0,6,1,0,,
closed_loop,20,struggling_novice,0,6,1,0,,
ablation_no_derivative_filter,20,struggling_novice,0,6,1,0,,
ablation_no_anti_windup,20,struggling_novice,0,6,1,0,,
ablation_level_slew_limit,20,struggling_novice,0,6,1,0,,
static,21,struggling_novice,8,12,2,0,,
unconstrained_genui,21,struggling_novice,8,12,4,1,1,4
rule_based,21,struggling_novice,8,12,1,0,,
closed_loop,21,struggling_novice,8,12,2,1,1,3
ablation_no_derivative_filter,21,struggling_novice,8,12,2,1,1,3
ablation_no_anti_windup,21,struggling_novice,8,12,1,0,,
ablation_level_slew_limit,21,struggling_novice,8,12,2,1,1,3
static,22,struggling_novice,7,15,2,0,,
static,22,struggling_novice,24,28,2,0,,
unconstrained_genui,22,struggling_novice,7,15,2,1,1,2
unconstrained_genui,22,struggling_novice,24,28,2,1,3,2
rule_based,22,struggling_novice,7,15,1,0,,
rule_based,22,struggling_novice,24,28,1,0,,
closed_loop,22,struggling_novice,7,15,1,0,,
closed_loop,22,struggling_novice,24,28,1,0,,
ablation_no_derivative_filter,22,struggling_novice,7,15,2,1,1,3
ablation_no_derivative_filter,22,struggling_novice,24,28,1,0,,
ablation_no_anti_windup,22,struggling_novice,7,15,1,0,,
ablation_no_anti_windup,22,struggling_novice,24,28,1,0,,
ablation_level_slew_limit,22,struggling_novice,7,15,1,0,,
ablation_level_slew_limit,22,struggling_novice,24,28,1,0,,
static,24,struggling_novice,5,10,2,0,,
static,24,struggling_novice,12,21,2,0,,
static,24,struggling_novice,23,33,2,0,,
unconstrained_genui,24,struggling_novice,5,10,2,1,3,2
unconstrained_genui,24,struggling_novice,12,21,3,1,1,13
unconstrained_genui,24,struggling_novice,23,33,2,1,2,2
rule_based,24,struggling_novice,5,10,1,0,,
rule_based,24,struggling_novice,12,21,1,0,,
rule_based,24,struggling_novice,23,33,1,0,,
closed_loop,24,struggling_novice,5,10,1,0,,
closed_loop,24,struggling_novice,12,21,1,0,,
closed_loop,24,struggling_novice,23,33,1,0,,
ablation_no_derivative_filter,24,struggling_novice,5,10,1,0,,
ablation_no_derivative_filter,24,struggling_novice,12,21,1,0,,
ablation_no_derivative_filter,24,struggling_novice,23,33,1,0,,
ablation_no_anti_windup,24,struggling_novice,5,10,1,0,,
ablation_no_anti_windup,24,struggling_novice,12,21,1,0,,
ablation_no_anti_windup,24,struggling_novice,23,33,1,0,,
ablation_level_slew_limit,24,struggling_novice,5,10,1,0,,
ablation_level_slew_limit,24,struggling_novice,12,21,1,0,,
ablation_level_slew_limit,24,struggling_novice,23,33,1,0,,
static,25,struggling_novice,2,17,2,0,,
static,25,struggling_novice,20,27,2,0,,
unconstrained_genui,25,struggling_novice,2,17,4,1,1,3
unconstrained_genui,25,struggling_novice,20,27,4,1,1,2
rule_based,25,struggling_novice,2,17,1,0,,
rule_based,25,struggling_novice,20,27,1,0,,
closed_loop,25,struggling_novice,2,17,2,1,1,3
closed_loop,25,struggling_novice,20,27,2,1,1,6
ablation_no_derivative_filter,25,struggling_novice,2,17,3,1,1,21
ablation_no_derivative_filter,25,struggling_novice,20,27,2,1,1,6
ablation_no_anti_windup,25,struggling_novice,2,17,2,1,1,
ablation_no_anti_windup,25,struggling_novice,20,27,1,0,,
ablation_level_slew_limit,25,struggling_novice,2,17,2,1,1,3
ablation_level_slew_limit,25,struggling_novice,20,27,2,1,1,6
static,26,struggling_novice,0,4,2,0,,
unconstrained_genui,26,struggling_novice,0,4,2,1,2,2
rule_based,26,struggling_novice,0,4,1,0,,
closed_loop,26,struggling_novice,0,4,1,0,,
ablation_no_derivative_filter,26,struggling_novice,0,4,1,0,,
ablation_no_anti_windup,26,struggling_novice,0,4,1,0,,
ablation_level_slew_limit,26,struggling_novice,0,4,1,0,,
static,27,struggling_novice,1,6,2,0,,
unconstrained_genui,27,struggling_novice,1,6,2,1,2,2
rule_based,27,struggling_novice,1,6,1,0,,
closed_loop,27,struggling_novice,1,6,1,0,,
ablation_no_derivative_filter,27,struggling_novice,1,6,2,1,1,3
ablation_no_anti_windup,27,struggling_novice,1,6,1,0,,
ablation_level_slew_limit,27,struggling_novice,1,6,1,0,,
static,29,struggling_novice,0,4,2,0,,
unconstrained_genui,29,struggling_novice,0,4,2,1,1,2
rule_based,29,struggling_novice,0,4,1,0,,
closed_loop,29,struggling_novice,0,4,1,0,,
ablation_no_derivative_filter,29,struggling_novice,0,4,1,0,,
ablation_no_anti_windup,29,struggling_novice,0,4,1,0,,
ablation_level_slew_limit,29,struggling_novice,0,4,1,0,,
static,30,struggling_novice,0,6,2,0,,
unconstrained_genui,30,struggling_novice,0,6,1,0,,
rule_based,30,struggling_novice,0,6,1,0,,
closed_loop,30,struggling_novice,0,6,1,0,,
ablation_no_derivative_filter,30,struggling_novice,0,6,1,0,,
ablation_no_anti_windup,30,struggling_novice,0,6,1,0,,
ablation_level_slew_limit,30,struggling_novice,0,6,1,0,,
static,31,struggling_novice,0,6,2,0,,
unconstrained_genui,31,struggling_novice,0,6,1,0,,
rule_based,31,struggling_novice,0,6,1,0,,
closed_loop,31,struggling_novice,0,6,1,0,,
ablation_no_derivative_filter,31,struggling_novice,0,6,1,0,,
ablation_no_anti_windup,31,struggling_novice,0,6,1,0,,
ablation_level_slew_limit,31,struggling_novice,0,6,1,0,,
static,32,struggling_novice,0,4,2,0,,
unconstrained_genui,32,struggling_novice,0,4,1,0,,
rule_based,32,struggling_novice,0,4,1,0,,
closed_loop,32,struggling_novice,0,4,1,0,,
ablation_no_derivative_filter,32,struggling_novice,0,4,1,0,,
ablation_no_anti_windup,32,struggling_novice,0,4,1,0,,
ablation_level_slew_limit,32,struggling_novice,0,4,1,0,,
static,33,struggling_novice,2,7,2,0,,
static,33,struggling_novice,18,38,2,0,,
unconstrained_genui,33,struggling_novice,2,7,3,1,1,2
unconstrained_genui,33,struggling_novice,18,38,3,1,1,
rule_based,33,struggling_novice,2,7,1,0,,
rule_based,33,struggling_novice,18,38,1,0,,
closed_loop,33,struggling_novice,2,7,1,0,,
closed_loop,33,struggling_novice,18,38,1,0,,
ablation_no_derivative_filter,33,struggling_novice,2,7,1,0,,
ablation_no_derivative_filter,33,struggling_novice,18,38,2,1,1,
ablation_no_anti_windup,33,struggling_novice,2,7,1,0,,
ablation_no_anti_windup,33,struggling_novice,18,38,1,0,,
ablation_level_slew_limit,33,struggling_novice,2,7,1,0,,
ablation_level_slew_limit,33,struggling_novice,18,38,1,0,,
static,36,struggling_novice,0,5,2,0,,
static,36,struggling_novice,22,32,2,0,,
static,36,struggling_novice,34,39,2,0,,
unconstrained_genui,36,struggling_novice,0,5,1,0,,
unconstrained_genui,36,struggling_novice,22,32,2,1,1,
unconstrained_genui,36,struggling_novice,34,39,1,0,,
rule_based,36,struggling_novice,0,5,1,0,,
rule_based,36,struggling_novice,22,32,1,0,,
rule_based,36,struggling_novice,34,39,1,0,,
closed_loop,36,struggling_novice,0,5,1,0,,
closed_loop,36,struggling_novice,22,32,1,0,,
closed_loop,36,struggling_novice,34,39,1,0,,
ablation_no_derivative_filter,36,struggling_novice,0,5,1,0,,
ablation_no_derivative_filter,36,struggling_novice,22,32,1,0,,
ablation_no_derivative_filter,36,struggling_novice,34,39,1,0,,
ablation_no_anti_windup,36,struggling_novice,0,5,1,0,,
ablation_no_anti_windup,36,struggling_novice,22,32,1,0,,
ablation_no_anti_windup,36,struggling_novice,34,39,1,0,,
ablation_level_slew_limit,36,struggling_novice,0,5,1,0,,
ablation_level_slew_limit,36,struggling_novice,22,32,1,0,,
ablation_level_slew_limit,36,struggling_novice,34,39,1,0,,
static,37,struggling_novice,0,6,2,0,,
static,37,struggling_novice,12,25,2,0,,
unconstrained_genui,37,struggling_novice,0,6,2,1,1,2
unconstrained_genui,37,struggling_novice,12,25,3,1,1,2
rule_based,37,struggling_novice,0,6,1,0,,
rule_based,37,struggling_novice,12,25,1,0,,
closed_loop,37,struggling_novice,0,6,1,0,,
closed_loop,37,struggling_novice,12,25,1,0,,
ablation_no_derivative_filter,37,struggling_novice,0,6,1,0,,
ablation_no_derivative_filter,37,struggling_novice,12,25,2,1,1,4
ablation_no_anti_windup,37,struggling_novice,0,6,1,0,,
ablation_no_anti_windup,37,struggling_novice,12,25,1,0,,
ablation_level_slew_limit,37,struggling_novice,0,6,1,0,,
ablation_level_slew_limit,37,struggling_novice,12,25,1,0,,
static,38,struggling_novice,0,5,2,0,,
static,38,struggling_novice,15,19,2,0,,
unconstrained_genui,38,struggling_novice,0,5,1,0,,
unconstrained_genui,38,struggling_novice,15,19,3,1,1,2
rule_based,38,struggling_novice,0,5,1,0,,
rule_based,38,struggling_novice,15,19,1,0,,
closed_loop,38,struggling_novice,0,5,1,0,,
closed_loop,38,struggling_novice,15,19,1,0,,
ablation_no_derivative_filter,38,struggling_novice,0,5,1,0,,
ablation_no_derivative_filter,38,struggling_novice,15,19,2,1,1,11
ablation_no_anti_windup,38,struggling_novice,0,5,1,0,,
ablation_no_anti_windup,38,struggling_novice,15,19,1,0,,
ablation_level_slew_limit,38,struggling_novice,0,5,1,0,,
ablation_level_slew_limit,38,struggling_novice,15,19,1,0,,
static,40,struggling_novice,4,10,2,0,,
static,40,struggling_novice,12,18,2,0,,
static,40,struggling_novice,20,25,2,0,,
static,40,struggling_novice,27,37,2,0,,
unconstrained_genui,40,struggling_novice,4,10,3,1,1,17
unconstrained_genui,40,struggling_novice,12,18,2,1,1,2
unconstrained_genui,40,struggling_novice,20,25,2,1,2,2
unconstrained_genui,40,struggling_novice,27,37,3,1,1,
rule_based,40,struggling_novice,4,10,1,0,,
rule_based,40,struggling_novice,12,18,1,0,,
rule_based,40,struggling_novice,20,25,1,0,,
rule_based,40,struggling_novice,27,37,1,0,,
closed_loop,40,struggling_novice,4,10,1,0,,
closed_loop,40,struggling_novice,12,18,1,0,,
closed_loop,40,struggling_novice,20,25,1,0,,
closed_loop,40,struggling_novice,27,37,1,0,,
ablation_no_derivative_filter,40,struggling_novice,4,10,1,0,,
ablation_no_derivative_filter,40,struggling_novice,12,18,1,0,,
ablation_no_derivative_filter,40,struggling_novice,20,25,1,0,,
ablation_no_derivative_filter,40,struggling_novice,27,37,1,0,,
ablation_no_anti_windup,40,struggling_novice,4,10,1,0,,
ablation_no_anti_windup,40,struggling_novice,12,18,1,0,,
ablation_no_anti_windup,40,struggling_novice,20,25,1,0,,
ablation_no_anti_windup,40,struggling_novice,27,37,1,0,,
ablation_level_slew_limit,40,struggling_novice,4,10,1,0,,
ablation_level_slew_limit,40,struggling_novice,12,18,1,0,,
ablation_level_slew_limit,40,struggling_novice,20,25,1,0,,
ablation_level_slew_limit,40,struggling_novice,27,37,1,0,,
static,41,struggling_novice,1,6,2,0,,
unconstrained_genui,41,struggling_novice,1,6,3,1,1,2
rule_based,41,struggling_novice,1,6,1,0,,
closed_loop,41,struggling_novice,1,6,1,0,,
ablation_no_derivative_filter,41,struggling_novice,1,6,2,1,1,4
ablation_no_anti_windup,41,struggling_novice,1,6,1,0,,
ablation_level_slew_limit,41,struggling_novice,1,6,1,0,,
static,42,struggling_novice,4,11,2,0,,
static,42,struggling_novice,22,28,2,0,,
static,42,struggling_novice,31,36,2,0,,
unconstrained_genui,42,struggling_novice,4,11,3,1,1,2
unconstrained_genui,42,struggling_novice,22,28,2,1,1,2
unconstrained_genui,42,struggling_novice,31,36,4,1,1,
rule_based,42,struggling_novice,4,11,1,0,,
rule_based,42,struggling_novice,22,28,1,0,,
rule_based,42,struggling_novice,31,36,1,0,,
closed_loop,42,struggling_novice,4,11,1,0,,
closed_loop,42,struggling_novice,22,28,1,0,,
closed_loop,42,struggling_novice,31,36,2,1,1,
ablation_no_derivative_filter,42,struggling_novice,4,11,1,0,,
ablation_no_derivative_filter,42,struggling_novice,22,28,1,0,,
ablation_no_derivative_filter,42,struggling_novice,31,36,2,1,1,
ablation_no_anti_windup,42,struggling_novice,4,11,1,0,,
ablation_no_anti_windup,42,struggling_novice,22,28,1,0,,
ablation_no_anti_windup,42,struggling_novice,31,36,1,0,,
ablation_level_slew_limit,42,struggling_novice,4,11,1,0,,
ablation_level_slew_limit,42,struggling_novice,22,28,1,0,,
ablation_level_slew_limit,42,struggling_novice,31,36,2,1,1,
static,43,struggling_novice,0,4,2,0,,
static,43,struggling_novice,14,23,2,0,,
static,43,struggling_novice,35,39,2,0,,
unconstrained_genui,43,struggling_novice,0,4,3,1,1,4
unconstrained_genui,43,struggling_novice,14,23,3,1,1,8
unconstrained_genui,43,struggling_novice,35,39,3,1,1,
rule_based,43,struggling_novice,0,4,1,0,,
rule_based,43,struggling_novice,14,23,1,0,,
rule_based,43,struggling_novice,35,39,1,0,,
closed_loop,43,struggling_novice,0,4,1,0,,
closed_loop,43,struggling_novice,14,23,1,0,,
closed_loop,43,struggling_novice,35,39,1,0,,
ablation_no_derivative_filter,43,struggling_novice,0,4,1,0,,
ablation_no_derivative_filter,43,struggling_novice,14,23,1,0,,
ablation_no_derivative_filter,43,struggling_novice,35,39,1,0,,
ablation_no_anti_windup,43,struggling_novice,0,4,1,0,,
ablation_no_anti_windup,43,struggling_novice,14,23,1,0,,
ablation_no_anti_windup,43,struggling_novice,35,39,1,0,,
ablation_level_slew_limit,43,struggling_novice,0,4,1,0,,
ablation_level_slew_limit,43,struggling_novice,14,23,1,0,,
ablation_level_slew_limit,43,struggling_novice,35,39,1,0,,
static,44,struggling_novice,0,11,2,0,,
static,44,struggling_novice,13,27,2,0,,
static,44,struggling_novice,33,37,2,0,,
unconstrained_genui,44,struggling_novice,0,11,1,0,,
unconstrained_genui,44,struggling_novice,13,27,2,1,1,2
unconstrained_genui,44,struggling_novice,33,37,3,1,1,
rule_based,44,struggling_novice,0,11,1,0,,
rule_based,44,struggling_novice,13,27,1,0,,
rule_based,44,struggling_novice,33,37,1,0,,
closed_loop,44,struggling_novice,0,11,1,0,,
closed_loop,44,struggling_novice,13,27,1,0,,
closed_loop,44,struggling_novice,33,37,1,0,,
ablation_no_derivative_filter,44,struggling_novice,0,11,1,0,,
ablation_no_derivative_filter,44,struggling_novice,13,27,1,0,,
ablation_no_derivative_filter,44,struggling_novice,33,37,1,0,,
ablation_no_anti_windup,44,struggling_novice,0,11,1,0,,
ablation_no_anti_windup,44,struggling_novice,13,27,1,0,,
ablation_no_anti_windup,44,struggling_novice,33,37,1,0,,
ablation_level_slew_limit,44,struggling_novice,0,11,1,0,,
ablation_level_slew_limit,44,struggling_novice,13,27,1,0,,
ablation_level_slew_limit,44,struggling_novice,33,37,1,0,,
static,45,struggling_novice,0,18,2,0,,
static,45,struggling_novice,20,27,2,0,,
unconstrained_genui,45,struggling_novice,0,18,2,1,1,2
unconstrained_genui,45,struggling_novice,20,27,4,1,1,5
rule_based,45,struggling_novice,0,18,1,0,,
rule_based,45,struggling_novice,20,27,1,0,,
closed_loop,45,struggling_novice,0,18,1,0,,
closed_loop,45,struggling_novice,20,27,1,0,,
ablation_no_derivative_filter,45,struggling_novice,0,18,1,0,,
ablation_no_derivative_filter,45,struggling_novice,20,27,1,0,,
ablation_no_anti_windup,45,struggling_novice,0,18,1,0,,
ablation_no_anti_windup,45,struggling_novice,20,27,1,0,,
ablation_level_slew_limit,45,struggling_novice,0,18,1,0,,
ablation_level_slew_limit,45,struggling_novice,20,27,1,0,,
static,46,struggling_novice,0,9,2,0,,
unconstrained_genui,46,struggling_novice,0,9,1,0,,
rule_based,46,struggling_novice,0,9,1,0,,
closed_loop,46,struggling_novice,0,9,1,0,,
ablation_no_derivative_filter,46,struggling_novice,0,9,1,0,,
ablation_no_anti_windup,46,struggling_novice,0,9,1,0,,
ablation_level_slew_limit,46,struggling_novice,0,9,1,0,,
static,47,struggling_novice,0,8,2,0,,
static,47,struggling_novice,10,18,2,0,,
static,47,struggling_novice,22,31,2,0,,
unconstrained_genui,47,struggling_novice,0,8,2,1,1,2
unconstrained_genui,47,struggling_novice,10,18,3,1,1,2
unconstrained_genui,47,struggling_novice,22,31,4,1,1,4
rule_based,47,struggling_novice,0,8,1,0,,
rule_based,47,struggling_novice,10,18,1,0,,
rule_based,47,struggling_novice,22,31,1,0,,
closed_loop,47,struggling_novice,0,8,1,0,,
closed_loop,47,struggling_novice,10,18,1,0,,
closed_loop,47,struggling_novice,22,31,1,0,,
ablation_no_derivative_filter,47,struggling_novice,0,8,1,0,,
ablation_no_derivative_filter,47,struggling_novice,10,18,1,0,,
ablation_no_derivative_filter,47,struggling_novice,22,31,2,1,1,3
ablation_no_anti_windup,47,struggling_novice,0,8,1,0,,
ablation_no_anti_windup,47,struggling_novice,10,18,1,0,,
ablation_no_anti_windup,47,struggling_novice,22,31,1,0,,
ablation_level_slew_limit,47,struggling_novice,0,8,1,0,,
ablation_level_slew_limit,47,struggling_novice,10,18,1,0,,
ablation_level_slew_limit,47,struggling_novice,22,31,1,0,,
static,50,struggling_novice,0,5,2,0,,
unconstrained_genui,50,struggling_novice,0,5,1,0,,
rule_based,50,struggling_novice,0,5,1,0,,
closed_loop,50,struggling_novice,0,5,1,0,,
ablation_no_derivative_filter,50,struggling_novice,0,5,1,0,,
ablation_no_anti_windup,50,struggling_novice,0,5,1,0,,
ablation_level_slew_limit,50,struggling_novice,0,5,1,0,,
static,51,struggling_novice,0,6,2,0,,
static,51,struggling_novice,8,21,2,0,,
static,51,struggling_novice,23,39,2,0,,
unconstrained_genui,51,struggling_novice,0,6,1,0,,
unconstrained_genui,51,struggling_novice,8,21,2,1,2,2
unconstrained_genui,51,struggling_novice,23,39,2,1,1,
rule_based,51,struggling_novice,0,6,1,0,,
rule_based,51,struggling_novice,8,21,1,0,,
rule_based,51,struggling_novice,23,39,1,0,,
closed_loop,51,struggling_novice,0,6,1,0,,
closed_loop,51,struggling_novice,8,21,1,0,,
closed_loop,51,struggling_novice,23,39,1,0,,
ablation_no_derivative_filter,51,struggling_novice,0,6,1,0,,
ablation_no_derivative_filter,51,struggling_novice,8,21,1,0,,
ablation_no_derivative_filter,51,struggling_novice,23,39,1,0,,
ablation_no_anti_windup,51,struggling_novice,0,6,1,0,,
ablation_no_anti_windup,51,struggling_novice,8,21,1,0,,
ablation_no_anti_windup,51,struggling_novice,23,39,1,0,,
ablation_level_slew_limit,51,struggling_novice,0,6,1,0,,
ablation_level_slew_limit,51,struggling_novice,8,21,1,0,,
ablation_level_slew_limit,51,struggling_novice,23,39,1,0,,
static,52,struggling_novice,0,5,2,0,,
static,52,struggling_novice,7,11,2,0,,
unconstrained_genui,52,struggling_novice,0,5,2,1,1,2
unconstrained_genui,52,struggling_novice,7,11,4,1,1,4
rule_based,52,struggling_novice,0,5,1,0,,
rule_based,52,struggling_novice,7,11,1,0,,
closed_loop,52,struggling_novice,0,5,1,0,,
closed_loop,52,struggling_novice,7,11,1,0,,
ablation_no_derivative_filter,52,struggling_novice,0,5,1,0,,
ablation_no_derivative_filter,52,struggling_novice,7,11,1,0,,
ablation_no_anti_windup,52,struggling_novice,0,5,1,0,,
ablation_no_anti_windup,52,struggling_novice,7,11,1,0,,
ablation_level_slew_limit,52,struggling_novice,0,5,1,0,,
ablation_level_slew_limit,52,struggling_novice,7,11,1,0,,
static,56,struggling_novice,13,28,2,0,,
unconstrained_genui,56,struggling_novice,13,28,1,0,,
rule_based,56,struggling_novice,13,28,1,0,,
closed_loop,56,struggling_novice,13,28,1,0,,
ablation_no_derivative_filter,56,struggling_novice,13,28,1,0,,
ablation_no_anti_windup,56,struggling_novice,13,28,1,0,,
ablation_level_slew_limit,56,struggling_novice,13,28,1,0,,
static,57,struggling_novice,0,6,2,0,,
unconstrained_genui,57,struggling_novice,0,6,2,1,1,2
rule_based,57,struggling_novice,0,6,1,0,,
closed_loop,57,struggling_novice,0,6,1,0,,
ablation_no_derivative_filter,57,struggling_novice,0,6,1,0,,
ablation_no_anti_windup,57,struggling_novice,0,6,1,0,,
ablation_level_slew_limit,57,struggling_novice,0,6,1,0,,
static,58,struggling_novice,9,15,2,0,,
unconstrained_genui,58,struggling_novice,9,15,3,1,1,3
rule_based,58,struggling_novice,9,15,1,0,,
closed_loop,58,struggling_novice,9,15,1,0,,
ablation_no_derivative_filter,58,struggling_novice,9,15,1,0,,
ablation_no_anti_windup,58,struggling_novice,9,15,1,0,,
ablation_level_slew_limit,58,struggling_novice,9,15,1,0,,
static,60,struggling_novice,4,16,2,0,,
unconstrained_genui,60,struggling_novice,4,16,3,1,1,2
rule_based,60,struggling_novice,4,16,1,0,,
closed_loop,60,struggling_novice,4,16,1,0,,
ablation_no_derivative_filter,60,struggling_novice,4,16,1,0,,
ablation_no_anti_windup,60,struggling_novice,4,16,1,0,,
ablation_level_slew_limit,60,struggling_novice,4,16,1,0,,
static,61,struggling_novice,5,11,2,0,,
static,61,struggling_novice,13,30,2,0,,
unconstrained_genui,61,struggling_novice,5,11,2,1,1,2
unconstrained_genui,61,struggling_novice,13,30,2,1,2,2
rule_based,61,struggling_novice,5,11,1,0,,
rule_based,61,struggling_novice,13,30,1,0,,
closed_loop,61,struggling_novice,5,11,1,0,,
closed_loop,61,struggling_novice,13,30,1,0,,
ablation_no_derivative_filter,61,struggling_novice,5,11,1,0,,
ablation_no_derivative_filter,61,struggling_novice,13,30,1,0,,
ablation_no_anti_windup,61,struggling_novice,5,11,1,0,,
ablation_no_anti_windup,61,struggling_novice,13,30,1,0,,
ablation_level_slew_limit,61,struggling_novice,5,11,1,0,,
ablation_level_slew_limit,61,struggling_novice,13,30,1,0,,
static,62,struggling_novice,0,6,2,0,,
static,62,struggling_novice,8,12,2,0,,
static,62,struggling_novice,14,19,2,0,,
static,62,struggling_novice,23,27,2,0,,
unconstrained_genui,62,struggling_novice,0,6,1,0,,
unconstrained_genui,62,struggling_novice,8,12,2,1,1,2
unconstrained_genui,62,struggling_novice,14,19,3,1,1,2
unconstrained_genui,62,struggling_novice,23,27,3,1,1,2
rule_based,62,struggling_novice,0,6,1,0,,
rule_based,62,struggling_novice,8,12,1,0,,
rule_based,62,struggling_novice,14,19,1,0,,
rule_based,62,struggling_novice,23,27,1,0,,
closed_loop,62,struggling_novice,0,6,1,0,,
closed_loop,62,struggling_novice,8,12,1,0,,
closed_loop,62,struggling_novice,14,19,1,0,,
closed_loop,62,struggling_novice,23,27,1,0,,
ablation_no_derivative_filter,62,struggling_novice,0,6,1,0,,
ablation_no_derivative_filter,62,struggling_novice,8,12,1,0,,
ablation_no_derivative_filter,62,struggling_novice,14,19,1,0,,
ablation_no_derivative_filter,62,struggling_novice,23,27,2,1,1,4
ablation_no_anti_windup,62,struggling_novice,0,6,1,0,,
ablation_no_anti_windup,62,struggling_novice,8,12,1,0,,
ablation_no_anti_windup,62,struggling_novice,14,19,1,0,,
ablation_no_anti_windup,62,struggling_novice,23,27,1,0,,
ablation_level_slew_limit,62,struggling_novice,0,6,1,0,,
ablation_level_slew_limit,62,struggling_novice,8,12,1,0,,
ablation_level_slew_limit,62,struggling_novice,14,19,1,0,,
ablation_level_slew_limit,62,struggling_novice,23,27,1,0,,
static,63,struggling_novice,0,13,2,0,,
static,63,struggling_novice,15,29,2,0,,
static,63,struggling_novice,31,36,2,0,,
unconstrained_genui,63,struggling_novice,0,13,1,0,,
unconstrained_genui,63,struggling_novice,15,29,3,1,1,2
unconstrained_genui,63,struggling_novice,31,36,3,1,1,
rule_based,63,struggling_novice,0,13,1,0,,
rule_based,63,struggling_novice,15,29,1,0,,
rule_based,63,struggling_novice,31,36,1,0,,
closed_loop,63,struggling_novice,0,13,1,0,,
closed_loop,63,struggling_novice,15,29,1,0,,
closed_loop,63,struggling_novice,31,36,1,0,,
ablation_no_derivative_filter,63,struggling_novice,0,13,1,0,,
ablation_no_derivative_filter,63,struggling_novice,15,29,1,0,,
ablation_no_derivative_filter,63,struggling_novice,31,36,1,0,,
ablation_no_anti_windup,63,struggling_novice,0,13,1,0,,
ablation_no_anti_windup,63,struggling_novice,15,29,1,0,,
ablation_no_anti_windup,63,struggling_novice,31,36,1,0,,
ablation_level_slew_limit,63,struggling_novice,0,13,1,0,,
ablation_level_slew_limit,63,struggling_novice,15,29,1,0,,
ablation_level_slew_limit,63,struggling_novice,31,36,1,0,,
static,64,struggling_novice,0,21,2,0,,
static,64,struggling_novice,29,37,2,0,,
unconstrained_genui,64,struggling_novice,0,21,1,0,,
unconstrained_genui,64,struggling_novice,29,37,4,1,1,
rule_based,64,struggling_novice,0,21,1,0,,
rule_based,64,struggling_novice,29,37,1,0,,
closed_loop,64,struggling_novice,0,21,1,0,,
closed_loop,64,struggling_novice,29,37,2,1,1,
ablation_no_derivative_filter,64,struggling_novice,0,21,1,0,,
ablation_no_derivative_filter,64,struggling_novice,29,37,2,1,1,
ablation_no_anti_windup,64,struggling_novice,0,21,1,0,,
ablation_no_anti_windup,64,struggling_novice,29,37,1,0,,
ablation_level_slew_limit,64,struggling_novice,0,21,1,0,,
ablation_level_slew_limit,64,struggling_novice,29,37,2,1,1,
static,65,struggling_novice,0,6,2,0,,
unconstrained_genui,65,struggling_novice,0,6,1,0,,
rule_based,65,struggling_novice,0,6,1,0,,
closed_loop,65,struggling_novice,0,6,1,0,,
ablation_no_derivative_filter,65,struggling_novice,0,6,1,0,,
ablation_no_anti_windup,65,struggling_novice,0,6,1,0,,
ablation_level_slew_limit,65,struggling_novice,0,6,1,0,,
static,66,struggling_novice,4,9,2,0,,
unconstrained_genui,66,struggling_novice,4,9,2,1,2,2
rule_based,66,struggling_novice,4,9,1,0,,
closed_loop,66,struggling_novice,4,9,1,0,,
ablation_no_derivative_filter,66,struggling_novice,4,9,1,0,,
ablation_no_anti_windup,66,struggling_novice,4,9,1,0,,
ablation_level_slew_limit,66,struggling_novice,4,9,1,0,,
static,67,struggling_novice,0,12,2,0,,
static,67,struggling_novice,14,25,2,0,,
static,67,struggling_novice,27,39,2,0,,
unconstrained_genui,67,struggling_novice,0,12,2,1,3,2
unconstrained_genui,67,struggling_novice,14,25,2,1,1,2
unconstrained_genui,67,struggling_novice,27,39,2,1,1,
rule_based,67,struggling_novice,0,12,1,0,,
rule_based,67,struggling_novice,14,25,1,0,,
rule_based,67,struggling_novice,27,39,1,0,,
closed_loop,67,struggling_novice,0,12,1,0,,
closed_loop,67,struggling_novice,14,25,1,0,,
closed_loop,67,struggling_novice,27,39,1,0,,
ablation_no_derivative_filter,67,struggling_novice,0,12,1,0,,
ablation_no_derivative_filter,67,struggling_novice,14,25,1,0,,
ablation_no_derivative_filter,67,struggling_novice,27,39,1,0,,
ablation_no_anti_windup,67,struggling_novice,0,12,1,0,,
ablation_no_anti_windup,67,struggling_novice,14,25,1,0,,
ablation_no_anti_windup,67,struggling_novice,27,39,1,0,,
ablation_level_slew_limit,67,struggling_novice,0,12,1,0,,
ablation_level_slew_limit,67,struggling_novice,14,25,1,0,,
ablation_level_slew_limit,67,struggling_novice,27,39,1,0,,
static,69,struggling_novice,0,5,2,0,,
static,69,struggling_novice,10,16,2,0,,
static,69,struggling_novice,22,30,2,0,,
unconstrained_genui,69,struggling_novice,0,5,2,1,2,2
unconstrained_genui,69,struggling_novice,10,16,2,1,1,2
unconstrained_genui,69,struggling_novice,22,30,3,1,1,2
rule_based,69,struggling_novice,0,5,1,0,,
rule_based,69,struggling_novice,10,16,1,0,,
rule_based,69,struggling_novice,22,30,1,0,,
closed_loop,69,struggling_novice,0,5,1,0,,
closed_loop,69,struggling_novice,10,16,1,0,,
closed_loop,69,struggling_novice,22,30,1,0,,
ablation_no_derivative_filter,69,struggling_novice,0,5,1,0,,
ablation_no_derivative_filter,69,struggling_novice,10,16,1,0,,
ablation_no_derivative_filter,69,struggling_novice,22,30,1,0,,
ablation_no_anti_windup,69,struggling_novice,0,5,1,0,,
ablation_no_anti_windup,69,struggling_novice,10,16,1,0,,
ablation_no_anti_windup,69,struggling_novice,22,30,1,0,,
ablation_level_slew_limit,69,struggling_novice,0,5,1,0,,
ablation_level_slew_limit,69,struggling_novice,10,16,1,0,,
ablation_level_slew_limit,69,struggling_novice,22,30,1,0,,
static,70,struggling_novice,0,4,2,0,,
static,70,struggling_novice,9,14,2,0,,
static,70,struggling_novice,16,20,2,0,,
static,70,struggling_novice,22,32,2,0,,
unconstrained_genui,70,struggling_novice,0,4,1,0,,
unconstrained_genui,70,struggling_novice,9,14,4,1,2,22
unconstrained_genui,70,struggling_novice,16,20,3,1,1,2
unconstrained_genui,70,struggling_novice,22,32,3,1,1,2
rule_based,70,struggling_novice,0,4,1,0,,
rule_based,70,struggling_novice,9,14,2,1,2,22
rule_based,70,struggling_novice,16,20,1,0,,
rule_based,70,struggling_novice,22,32,1,0,,
closed_loop,70,struggling_novice,0,4,1,0,,
closed_loop,70,struggling_novice,9,14,4,1,2,22
closed_loop,70,struggling_novice,16,20,1,0,,
closed_loop,70,struggling_novice,22,32,1,0,,
ablation_no_derivative_filter,70,struggling_novice,0,4,1,0,,
ablation_no_derivative_filter,70,struggling_novice,9,14,4,1,1,22
ablation_no_derivative_filter,70,struggling_novice,16,20,1,0,,
ablation_no_derivative_filter,70,struggling_novice,22,32,1,0,,
ablation_no_anti_windup,70,struggling_novice,0,4,1,0,,
ablation_no_anti_windup,70,struggling_novice,9,14,4,1,1,
ablation_no_anti_windup,70,struggling_novice,16,20,1,0,,
ablation_no_anti_windup,70,struggling_novice,22,32,1,0,,
ablation_level_slew_limit,70,struggling_novice,0,4,1,0,,
ablation_level_slew_limit,70,struggling_novice,9,14,4,1,2,23
ablation_level_slew_limit,70,struggling_novice,16,20,1,0,,
ablation_level_slew_limit,70,struggling_novice,22,32,1,0,,
static,71,struggling_novice,0,12,2,0,,
static,71,struggling_novice,14,27,2,0,,
static,71,struggling_novice,29,35,2,0,,
unconstrained_genui,71,struggling_novice,0,12,1,0,,
unconstrained_genui,71,struggling_novice,14,27,2,1,4,2
unconstrained_genui,71,struggling_novice,29,35,2,1,2,2
rule_based,71,struggling_novice,0,12,1,0,,
rule_based,71,struggling_novice,14,27,1,0,,
rule_based,71,struggling_novice,29,35,1,0,,
closed_loop,71,struggling_novice,0,12,1,0,,
closed_loop,71,struggling_novice,14,27,1,0,,
closed_loop,71,struggling_novice,29,35,1,0,,
ablation_no_derivative_filter,71,struggling_novice,0,12,1,0,,
ablation_no_derivative_filter,71,struggling_novice,14,27,1,0,,
ablation_no_derivative_filter,71,struggling_novice,29,35,1,0,,
ablation_no_anti_windup,71,struggling_novice,0,12,1,0,,
ablation_no_anti_windup,71,struggling_novice,14,27,1,0,,
ablation_no_anti_windup,71,struggling_novice,29,35,1,0,,
ablation_level_slew_limit,71,struggling_novice,0,12,1,0,,
ablation_level_slew_limit,71,struggling_novice,14,27,1,0,,
ablation_level_slew_limit,71,struggling_novice,29,35,1,0,,
static,72,struggling_novice,0,6,2,0,,
static,72,struggling_novice,9,15,2,0,,
unconstrained_genui,72,struggling_novice,0,6,1,0,,
unconstrained_genui,72,struggling_novice,9,15,3,1,1,3
rule_based,72,struggling_novice,0,6,1,0,,
rule_based,72,struggling_novice,9,15,1,0,,
closed_loop,72,struggling_novice,0,6,1,0,,
closed_loop,72,struggling_novice,9,15,2,1,1,3
ablation_no_derivative_filter,72,struggling_novice,0,6,1,0,,
ablation_no_derivative_filter,72,struggling_novice,9,15,2,1,1,3
ablation_no_anti_windup,72,struggling_novice,0,6,1,0,,
ablation_no_anti_windup,72,struggling_novice,9,15,1,0,,
ablation_level_slew_limit,72,struggling_novice,0,6,1,0,,
ablation_level_slew_limit,72,struggling_novice,9,15,2,1,1,3
static,74,struggling_novice,3,8,2,0,,
static,74,struggling_novice,15,28,2,0,,
static,74,struggling_novice,30,39,2,0,,
unconstrained_genui,74,struggling_novice,3,8,2,1,1,2
unconstrained_genui,74,struggling_novice,15,28,4,1,2,
unconstrained_genui,74,struggling_novice,30,39,2,1,1,
rule_based,74,struggling_novice,3,8,1,0,,
rule_based,74,struggling_novice,15,28,2,1,2,
rule_based,74,struggling_novice,30,39,1,0,,
closed_loop,74,struggling_novice,3,8,1,0,,
closed_loop,74,struggling_novice,15,28,4,1,1,
closed_loop,74,struggling_novice,30,39,1,0,,
ablation_no_derivative_filter,74,struggling_novice,3,8,1,0,,
ablation_no_derivative_filter,74,struggling_novice,15,28,4,1,1,
ablation_no_derivative_filter,74,struggling_novice,30,39,1,0,,
ablation_no_anti_windup,74,struggling_novice,3,8,1,0,,
ablation_no_anti_windup,74,struggling_novice,15,28,3,1,1,
ablation_no_anti_windup,74,struggling_novice,30,39,1,0,,
ablation_level_slew_limit,74,struggling_novice,3,8,1,0,,
ablation_level_slew_limit,74,struggling_novice,15,28,3,1,1,
ablation_level_slew_limit,74,struggling_novice,30,39,1,0,,
static,76,struggling_novice,0,15,2,0,,
unconstrained_genui,76,struggling_novice,0,15,1,0,,
rule_based,76,struggling_novice,0,15,1,0,,
closed_loop,76,struggling_novice,0,15,1,0,,
ablation_no_derivative_filter,76,struggling_novice,0,15,1,0,,
ablation_no_anti_windup,76,struggling_novice,0,15,1,0,,
ablation_level_slew_limit,76,struggling_novice,0,15,1,0,,
static,79,struggling_novice,0,8,2,0,,
unconstrained_genui,79,struggling_novice,0,8,1,0,,
rule_based,79,struggling_novice,0,8,1,0,,
closed_loop,79,struggling_novice,0,8,1,0,,
ablation_no_derivative_filter,79,struggling_novice,0,8,1,0,,
ablation_no_anti_windup,79,struggling_novice,0,8,1,0,,
ablation_level_slew_limit,79,struggling_novice,0,8,1,0,,
static,83,struggling_novice,6,13,2,0,,
unconstrained_genui,83,struggling_novice,6,13,3,1,1,4
rule_based,83,struggling_novice,6,13,1,0,,
closed_loop,83,struggling_novice,6,13,1,0,,
ablation_no_derivative_filter,83,struggling_novice,6,13,1,0,,
ablation_no_anti_windup,83,struggling_novice,6,13,1,0,,
ablation_level_slew_limit,83,struggling_novice,6,13,1,0,,
static,84,struggling_novice,2,10,2,0,,
static,84,struggling_novice,12,20,2,0,,
unconstrained_genui,84,struggling_novice,2,10,2,1,3,2
unconstrained_genui,84,struggling_novice,12,20,3,1,1,3
rule_based,84,struggling_novice,2,10,1,0,,
rule_based,84,struggling_novice,12,20,1,0,,
closed_loop,84,struggling_novice,2,10,1,0,,
closed_loop,84,struggling_novice,12,20,1,0,,
ablation_no_derivative_filter,84,struggling_novice,2,10,1,0,,
ablation_no_derivative_filter,84,struggling_novice,12,20,1,0,,
ablation_no_anti_windup,84,struggling_novice,2,10,1,0,,
ablation_no_anti_windup,84,struggling_novice,12,20,1,0,,
ablation_level_slew_limit,84,struggling_novice,2,10,1,0,,
ablation_level_slew_limit,84,struggling_novice,12,20,1,0,,
static,86,struggling_novice,0,6,2,0,,
static,86,struggling_novice,13,17,2,0,,
static,86,struggling_novice,19,26,2,0,,
unconstrained_genui,86,struggling_novice,0,6,1,0,,
unconstrained_genui,86,struggling_novice,13,17,2,1,1,2
unconstrained_genui,86,struggling_novice,19,26,2,1,2,2
rule_based,86,struggling_novice,0,6,1,0,,
rule_based,86,struggling_novice,13,17,1,0,,
rule_based,86,struggling_novice,19,26,1,0,,
closed_loop,86,struggling_novice,0,6,1,0,,
closed_loop,86,struggling_novice,13,17,1,0,,
closed_loop,86,struggling_novice,19,26,1,0,,
ablation_no_derivative_filter,86,struggling_novice,0,6,1,0,,
ablation_no_derivative_filter,86,struggling_novice,13,17,1,0,,
ablation_no_derivative_filter,86,struggling_novice,19,26,1,0,,
ablation_no_anti_windup,86,struggling_novice,0,6,1,0,,
ablation_no_anti_windup,86,struggling_novice,13,17,1,0,,
ablation_no_anti_windup,86,struggling_novice,19,26,1,0,,
ablation_level_slew_limit,86,struggling_novice,0,6,1,0,,
ablation_level_slew_limit,86,struggling_novice,13,17,1,0,,
ablation_level_slew_limit,86,struggling_novice,19,26,1,0,,
static,87,struggling_novice,0,5,2,0,,
static,87,struggling_novice,7,11,2,0,,
static,87,struggling_novice,13,18,2,0,,
unconstrained_genui,87,struggling_novice,0,5,1,0,,
unconstrained_genui,87,struggling_novice,7,11,3,1,1,2
unconstrained_genui,87,struggling_novice,13,18,3,1,1,2
rule_based,87,struggling_novice,0,5,1,0,,
rule_based,87,struggling_novice,7,11,1,0,,
rule_based,87,struggling_novice,13,18,1,0,,
closed_loop,87,struggling_novice,0,5,1,0,,
closed_loop,87,struggling_novice,7,11,1,0,,
closed_loop,87,struggling_novice,13,18,1,0,,
ablation_no_derivative_filter,87,struggling_novice,0,5,1,0,,
ablation_no_derivative_filter,87,struggling_novice,7,11,1,0,,
ablation_no_derivative_filter,87,struggling_novice,13,18,1,0,,
ablation_no_anti_windup,87,struggling_novice,0,5,1,0,,
ablation_no_anti_windup,87,struggling_novice,7,11,1,0,,
ablation_no_anti_windup,87,struggling_novice,13,18,1,0,,
ablation_level_slew_limit,87,struggling_novice,0,5,1,0,,
ablation_level_slew_limit,87,struggling_novice,7,11,1,0,,
ablation_level_slew_limit,87,struggling_novice,13,18,1,0,,
static,88,struggling_novice,0,4,2,0,,
static,88,struggling_novice,6,16,2,0,,
static,88,struggling_novice,18,26,2,0,,
unconstrained_genui,88,struggling_novice,0,4,2,1,2,2
unconstrained_genui,88,struggling_novice,6,16,2,1,1,4
unconstrained_genui,88,struggling_novice,18,26,1,0,,
rule_based,88,struggling_novice,0,4,1,0,,
rule_based,88,struggling_novice,6,16,1,0,,
rule_based,88,struggling_novice,18,26,1,0,,
closed_loop,88,struggling_novice,0,4,1,0,,
closed_loop,88,struggling_novice,6,16,1,0,,
closed_loop,88,struggling_novice,18,26,1,0,,
ablation_no_derivative_filter,88,struggling_novice,0,4,1,0,,
ablation_no_derivative_filter,88,struggling_novice,6,16,1,0,,
ablation_no_derivative_filter,88,struggling_novice,18,26,1,0,,
ablation_no_anti_windup,88,struggling_novice,0,4,1,0,,
ablation_no_anti_windup,88,struggling_novice,6,16,1,0,,
ablation_no_anti_windup,88,struggling_novice,18,26,1,0,,
ablation_level_slew_limit,88,struggling_novice,0,4,1,0,,
ablation_level_slew_limit,88,struggling_novice,6,16,1,0,,
ablation_level_slew_limit,88,struggling_novice,18,26,1,0,,
static,90,struggling_novice,0,12,2,0,,
unconstrained_genui,90,struggling_novice,0,12,2,1,2,2
rule_based,90,struggling_novice,0,12,1,0,,
closed_loop,90,struggling_novice,0,12,1,0,,
ablation_no_derivative_filter,90,struggling_novice,0,12,1,0,,
ablation_no_anti_windup,90,struggling_novice,0,12,1,0,,
ablation_level_slew_limit,90,struggling_novice,0,12,1,0,,
static,91,struggling_novice,6,18,2,0,,
unconstrained_genui,91,struggling_novice,6,18,2,1,1,2
rule_based,91,struggling_novice,6,18,1,0,,
closed_loop,91,struggling_novice,6,18,1,0,,
ablation_no_derivative_filter,91,struggling_novice,6,18,1,0,,
ablation_no_anti_windup,91,struggling_novice,6,18,1,0,,
ablation_level_slew_limit,91,struggling_novice,6,18,1,0,,
static,92,struggling_novice,0,5,2,0,,
static,92,struggling_novice,7,25,2,0,,
unconstrained_genui,92,struggling_novice,0,5,1,0,,
unconstrained_genui,92,struggling_novice,7,25,3,1,1,3
rule_based,92,struggling_novice,0,5,1,0,,
rule_based,92,struggling_novice,7,25,1,0,,
closed_loop,92,struggling_novice,0,5,1,0,,
closed_loop,92,struggling_novice,7,25,1,0,,
ablation_no_derivative_filter,92,struggling_novice,0,5,1,0,,
ablation_no_derivative_filter,92,struggling_novice,7,25,1,0,,
ablation_no_anti_windup,92,struggling_novice,0,5,1,0,,
ablation_no_anti_windup,92,struggling_novice,7,25,1,0,,
ablation_level_slew_limit,92,struggling_novice,0,5,1,0,,
ablation_level_slew_limit,92,struggling_novice,7,25,1,0,,
static,93,struggling_novice,4,8,2,0,,
unconstrained_genui,93,struggling_novice,4,8,4,1,1,3
rule_based,93,struggling_novice,4,8,1,0,,
closed_loop,93,struggling_novice,4,8,2,1,1,3
ablation_no_derivative_filter,93,struggling_novice,4,8,2,1,1,3
ablation_no_anti_windup,93,struggling_novice,4,8,2,1,1,4
ablation_level_slew_limit,93,struggling_novice,4,8,2,1,1,3
static,94,struggling_novice,0,11,2,0,,
unconstrained_genui,94,struggling_novice,0,11,1,0,,
rule_based,94,struggling_novice,0,11,1,0,,
closed_loop,94,struggling_novice,0,11,1,0,,
ablation_no_derivative_filter,94,struggling_novice,0,11,1,0,,
ablation_no_anti_windup,94,struggling_novice,0,11,1,0,,
ablation_level_slew_limit,94,struggling_novice,0,11,1,0,,
static,95,struggling_novice,0,15,2,0,,
unconstrained_genui,95,struggling_novice,0,15,1,0,,
rule_based,95,struggling_novice,0,15,1,0,,
closed_loop,95,struggling_novice,0,15,1,0,,
ablation_no_derivative_filter,95,struggling_novice,0,15,1,0,,
ablation_no_anti_windup,95,struggling_novice,0,15,1,0,,
ablation_level_slew_limit,95,struggling_novice,0,15,1,0,,
static,96,struggling_novice,0,6,2,0,,
static,96,struggling_novice,10,14,2,0,,
unconstrained_genui,96,struggling_novice,0,6,1,0,,
unconstrained_genui,96,struggling_novice,10,14,2,1,1,2
rule_based,96,struggling_novice,0,6,1,0,,
rule_based,96,struggling_novice,10,14,1,0,,
closed_loop,96,struggling_novice,0,6,1,0,,
closed_loop,96,struggling_novice,10,14,1,0,,
ablation_no_derivative_filter,96,struggling_novice,0,6,1,0,,
ablation_no_derivative_filter,96,struggling_novice,10,14,2,1,1,3
ablation_no_anti_windup,96,struggling_novice,0,6,1,0,,
ablation_no_anti_windup,96,struggling_novice,10,14,1,0,,
ablation_level_slew_limit,96,struggling_novice,0,6,1,0,,
ablation_level_slew_limit,96,struggling_novice,10,14,1,0,,
static,97,struggling_novice,1,5,2,0,,
static,97,struggling_novice,7,11,2,0,,
static,97,struggling_novice,13,19,2,0,,
static,97,struggling_novice,26,33,2,0,,
unconstrained_genui,97,struggling_novice,1,5,2,1,1,3
unconstrained_genui,97,struggling_novice,7,11,1,0,,
unconstrained_genui,97,struggling_novice,13,19,2,1,1,2
unconstrained_genui,97,struggling_novice,26,33,3,1,1,3
rule_based,97,struggling_novice,1,5,1,0,,
rule_based,97,struggling_novice,7,11,1,0,,
rule_based,97,struggling_novice,13,19,1,0,,
rule_based,97,struggling_novice,26,33,1,0,,
closed_loop,97,struggling_novice,1,5,1,0,,
closed_loop,97,struggling_novice,7,11,1,0,,
closed_loop,97,struggling_novice,13,19,1,0,,
closed_loop,97,struggling_novice,26,33,1,0,,
ablation_no_derivative_filter,97,struggling_novice,1,5,2,1,1,31
ablation_no_derivative_filter,97,struggling_novice,7,11,1,0,,
ablation_no_derivative_filter,97,struggling_novice,13,19,1,0,,
ablation_no_derivative_filter,97,struggling_novice,26,33,1,0,,
ablation_no_anti_windup,97,struggling_novice,1,5,1,0,,
ablation_no_anti_windup,97,struggling_novice,7,11,1,0,,
ablation_no_anti_windup,97,struggling_novice,13,19,1,0,,
ablation_no_anti_windup,97,struggling_novice,26,33,1,0,,
ablation_level_slew_limit,97,struggling_novice,1,5,1,0,,
ablation_level_slew_limit,97,struggling_novice,7,11,1,0,,
ablation_level_slew_limit,97,struggling_novice,13,19,1,0,,
ablation_level_slew_limit,97,struggling_novice,26,33,1,0,,
static,99,struggling_novice,0,6,2,0,,
static,99,struggling_novice,11,15,2,0,,
static,99,struggling_novice,17,23,2,0,,
unconstrained_genui,99,struggling_novice,0,6,2,1,1,2
unconstrained_genui,99,struggling_novice,11,15,2,1,2,2
unconstrained_genui,99,struggling_novice,17,23,3,1,1,2
rule_based,99,struggling_novice,0,6,1,0,,
rule_based,99,struggling_novice,11,15,1,0,,
rule_based,99,struggling_novice,17,23,1,0,,
closed_loop,99,struggling_novice,0,6,1,0,,
closed_loop,99,struggling_novice,11,15,1,0,,
closed_loop,99,struggling_novice,17,23,1,0,,
ablation_no_derivative_filter,99,struggling_novice,0,6,1,0,,
ablation_no_derivative_filter,99,struggling_novice,11,15,1,0,,
ablation_no_derivative_filter,99,struggling_novice,17,23,1,0,,
ablation_no_anti_windup,99,struggling_novice,0,6,1,0,,
ablation_no_anti_windup,99,struggling_novice,11,15,1,0,,
ablation_no_anti_windup,99,struggling_novice,17,23,1,0,,
ablation_level_slew_limit,99,struggling_novice,0,6,1,0,,
ablation_level_slew_limit,99,struggling_novice,11,15,1,0,,
ablation_level_slew_limit,99,struggling_novice,17,23,1,0,,
static,100,struggling_novice,1,9,2,0,,
unconstrained_genui,100,struggling_novice,1,9,2,1,2,2
rule_based,100,struggling_novice,1,9,1,0,,
closed_loop,100,struggling_novice,1,9,1,0,,
ablation_no_derivative_filter,100,struggling_novice,1,9,2,1,1,3
ablation_no_anti_windup,100,struggling_novice,1,9,1,0,,
ablation_level_slew_limit,100,struggling_novice,1,9,1,0,,
static,101,struggling_novice,5,11,2,0,,
static,101,struggling_novice,13,22,2,0,,
unconstrained_genui,101,struggling_novice,5,11,3,1,2,14
unconstrained_genui,101,struggling_novice,13,22,2,1,1,2
rule_based,101,struggling_novice,5,11,1,0,,
rule_based,101,struggling_novice,13,22,1,0,,
closed_loop,101,struggling_novice,5,11,1,0,,
closed_loop,101,struggling_novice,13,22,1,0,,
ablation_no_derivative_filter,101,struggling_novice,5,11,1,0,,
ablation_no_derivative_filter,101,struggling_novice,13,22,1,0,,
ablation_no_anti_windup,101,struggling_novice,5,11,1,0,,
ablation_no_anti_windup,101,struggling_novice,13,22,1,0,,
ablation_level_slew_limit,101,struggling_novice,5,11,1,0,,
ablation_level_slew_limit,101,struggling_novice,13,22,1,0,,
static,102,struggling_novice,0,16,2,0,,
unconstrained_genui,102,struggling_novice,0,16,1,0,,
rule_based,102,struggling_novice,0,16,1,0,,
closed_loop,102,struggling_novice,0,16,1,0,,
ablation_no_derivative_filter,102,struggling_novice,0,16,1,0,,
ablation_no_anti_windup,102,struggling_novice,0,16,1,0,,
ablation_level_slew_limit,102,struggling_novice,0,16,1,0,,
static,103,struggling_novice,0,13,2,0,,
static,103,struggling_novice,17,26,2,0,,
static,103,struggling_novice,28,39,2,0,,
unconstrained_genui,103,struggling_novice,0,13,1,0,,
unconstrained_genui,103,struggling_novice,17,26,2,1,2,2
unconstrained_genui,103,struggling_novice,28,39,3,1,1,
rule_based,103,struggling_novice,0,13,1,0,,
rule_based,103,struggling_novice,17,26,1,0,,
rule_based,103,struggling_novice,28,39,1,0,,
closed_loop,103,struggling_novice,0,13,1,0,,
closed_loop,103,struggling_novice,17,26,1,0,,
closed_loop,103,struggling_novice,28,39,1,0,,
ablation_no_derivative_filter,103,struggling_novice,0,13,1,0,,
ablation_no_derivative_filter,103,struggling_novice,17,26,2,1,1,
ablation_no_derivative_filter,103,struggling_novice,28,39,1,0,,
ablation_no_anti_windup,103,struggling_novice,0,13,1,0,,
ablation_no_anti_windup,103,struggling_novice,17,26,1,0,,
ablation_no_anti_windup,103,struggling_novice,28,39,1,0,,
ablation_level_slew_limit,103,struggling_novice,0,13,1,0,,
ablation_level_slew_limit,103,struggling_novice,17,26,1,0,,
ablation_level_slew_limit,103,struggling_novice,28,39,1,0,,
static,104,struggling_novice,0,9,2,0,,
static,104,struggling_novice,11,19,2,0,,
static,104,struggling_novice,24,28,2,0,,
static,104,struggling_novice,30,39,2,0,,
unconstrained_genui,104,struggling_novice,0,9,2,1,2,2
unconstrained_genui,104,struggling_novice,11,19,2,1,2,2
unconstrained_genui,104,struggling_novice,24,28,4,1,1,
unconstrained_genui,104,struggling_novice,30,39,1,0,,
rule_based,104,struggling_novice,0,9,1,0,,
rule_based,104,struggling_novice,11,19,1,0,,
rule_based,104,struggling_novice,24,28,1,0,,
rule_based,104,struggling_novice,30,39,1,0,,
closed_loop,104,struggling_novice,0,9,1,0,,
closed_loop,104,struggling_novice,11,19,1,0,,
closed_loop,104,struggling_novice,24,28,3,1,1,
closed_loop,104,struggling_novice,30,39,1,0,,
ablation_no_derivative_filter,104,struggling_novice,0,9,1,0,,
ablation_no_derivative_filter,104,struggling_novice,11,19,1,0,,
ablation_no_derivative_filter,104,struggling_novice,24,28,3,1,1,
ablation_no_derivative_filter,104,struggling_novice,30,39,1,0,,
ablation_no_anti_windup,104,struggling_novice,0,9,1,0,,
ablation_no_anti_windup,104,struggling_novice,11,19,1,0,,
ablation_no_anti_windup,104,struggling_novice,24,28,1,0,,
ablation_no_anti_windup,104,struggling_novice,30,39,1,0,,
ablation_level_slew_limit,104,struggling_novice,0,9,1,0,,
ablation_level_slew_limit,104,struggling_novice,11,19,1,0,,
ablation_level_slew_limit,104,struggling_novice,24,28,2,1,1,
ablation_level_slew_limit,104,struggling_novice,30,39,1,0,,
static,105,struggling_novice,0,4,2,0,,
unconstrained_genui,105,struggling_novice,0,4,1,0,,
rule_based,105,struggling_novice,0,4,1,0,,
closed_loop,105,struggling_novice,0,4,1,0,,
ablation_no_derivative_filter,105,struggling_novice,0,4,1,0,,
ablation_no_anti_windup,105,struggling_novice,0,4,1,0,,
ablation_level_slew_limit,105,struggling_novice,0,4,1,0,,
static,106,struggling_novice,0,5,2,0,,
unconstrained_genui,106,struggling_novice,0,5,1,0,,
rule_based,106,struggling_novice,0,5,1,0,,
closed_loop,106,struggling_novice,0,5,1,0,,
ablation_no_derivative_filter,106,struggling_novice,0,5,1,0,,
ablation_no_anti_windup,106,struggling_novice,0,5,1,0,,
ablation_level_slew_limit,106,struggling_novice,0,5,1,0,,
static,108,struggling_novice,3,12,2,0,,
unconstrained_genui,108,struggling_novice,3,12,2,1,2,2
rule_based,108,struggling_novice,3,12,1,0,,
closed_loop,108,struggling_novice,3,12,1,0,,
ablation_no_derivative_filter,108,struggling_novice,3,12,1,0,,
ablation_no_anti_windup,108,struggling_novice,3,12,1,0,,
ablation_level_slew_limit,108,struggling_novice,3,12,1,0,,
static,109,struggling_novice,5,9,2,0,,
static,109,struggling_novice,13,21,2,0,,
unconstrained_genui,109,struggling_novice,5,9,2,1,1,2
unconstrained_genui,109,struggling_novice,13,21,4,1,1,3
rule_based,109,struggling_novice,5,9,1,0,,
rule_based,109,struggling_novice,13,21,2,1,2,16
closed_loop,109,struggling_novice,5,9,1,0,,
closed_loop,109,struggling_novice,13,21,4,1,1,16
ablation_no_derivative_filter,109,struggling_novice,5,9,1,0,,
ablation_no_derivative_filter,109,struggling_novice,13,21,4,1,1,16
ablation_no_anti_windup,109,struggling_novice,5,9,1,0,,
ablation_no_anti_windup,109,struggling_novice,13,21,3,1,1,
ablation_level_slew_limit,109,struggling_novice,5,9,1,0,,
ablation_level_slew_limit,109,struggling_novice,13,21,3,1,1,16
static,110,struggling_novice,0,8,2,0,,
unconstrained_genui,110,struggling_novice,0,8,1,0,,
rule_based,110,struggling_novice,0,8,1,0,,
closed_loop,110,struggling_novice,0,8,1,0,,
ablation_no_derivative_filter,110,struggling_novice,0,8,1,0,,
ablation_no_anti_windup,110,struggling_novice,0,8,1,0,,
ablation_level_slew_limit,110,struggling_novice,0,8,1,0,,
static,111,struggling_novice,0,4,2,0,,
unconstrained_genui,111,struggling_novice,0,4,1,0,,
rule_based,111,struggling_novice,0,4,1,0,,
closed_loop,111,struggling_novice,0,4,1,0,,
ablation_no_derivative_filter,111,struggling_novice,0,4,1,0,,
ablation_no_anti_windup,111,struggling_novice,0,4,1,0,,
ablation_level_slew_limit,111,struggling_novice,0,4,1,0,,
static,112,struggling_novice,3,8,2,0,,
unconstrained_genui,112,struggling_novice,3,8,4,1,1,4
rule_based,112,struggling_novice,3,8,1,0,,
closed_loop,112,struggling_novice,3,8,2,1,1,3
ablation_no_derivative_filter,112,struggling_novice,3,8,2,1,1,3
ablation_no_anti_windup,112,struggling_novice,3,8,2,1,1,4
ablation_level_slew_limit,112,struggling_novice,3,8,2,1,1,3
static,113,struggling_novice,2,9,2,0,,
static,113,struggling_novice,22,26,2,0,,
unconstrained_genui,113,struggling_novice,2,9,2,1,1,2
unconstrained_genui,113,struggling_novice,22,26,2,1,5,2
rule_based,113,struggling_novice,2,9,1,0,,
rule_based,113,struggling_novice,22,26,1,0,,
closed_loop,113,struggling_novice,2,9,1,0,,
closed_loop,113,struggling_novice,22,26,1,0,,
ablation_no_derivative_filter,113,struggling_novice,2,9,1,0,,
ablation_no_derivative_filter,113,struggling_novice,22,26,1,0,,
ablation_no_anti_windup,113,struggling_novice,2,9,1,0,,
ablation_no_anti_windup,113,struggling_novice,22,26,1,0,,
ablation_level_slew_limit,113,struggling_novice,2,9,1,0,,
ablation_level_slew_limit,113,struggling_novice,22,26,1,0,,
static,115,struggling_novice,16,26,2,0,,
unconstrained_genui,115,struggling_novice,16,26,2,1,2,4
rule_based,115,struggling_novice,16,26,1,0,,
closed_loop,115,struggling_novice,16,26,1,0,,
ablation_no_derivative_filter,115,struggling_novice,16,26,2,1,1,4
ablation_no_anti_windup,115,struggling_novice,16,26,1,0,,
ablation_level_slew_limit,115,struggling_novice,16,26,1,0,,
static,117,struggling_novice,31,39,2,0,,
unconstrained_genui,117,struggling_novice,31,39,3,1,1,
rule_based,117,struggling_novice,31,39,1,0,,
closed_loop,117,struggling_novice,31,39,2,1,1,
ablation_no_derivative_filter,117,struggling_novice,31,39,2,1,1,
ablation_no_anti_windup,117,struggling_novice,31,39,1,0,,
ablation_level_slew_limit,117,struggling_novice,31,39,2,1,1,
static,118,struggling_novice,0,5,2,0,,
static,118,struggling_novice,11,15,2,0,,
unconstrained_genui,118,struggling_novice,0,5,1,0,,
unconstrained_genui,118,struggling_novice,11,15,2,1,1,2
rule_based,118,struggling_novice,0,5,1,0,,
rule_based,118,struggling_novice,11,15,1,0,,
closed_loop,118,struggling_novice,0,5,1,0,,
closed_loop,118,struggling_novice,11,15,1,0,,
ablation_no_derivative_filter,118,struggling_novice,0,5,1,0,,
ablation_no_derivative_filter,118,struggling_novice,11,15,2,1,1,7
ablation_no_anti_windup,118,struggling_novice,0,5,1,0,,
ablation_no_anti_windup,118,struggling_novice,11,15,1,0,,
ablation_level_slew_limit,118,struggling_novice,0,5,1,0,,
ablation_level_slew_limit,118,struggling_novice,11,15,1,0,,
static,119,struggling_novice,0,11,2,0,,
static,119,struggling_novice,13,17,2,0,,
static,119,struggling_novice,27,39,2,0,,
unconstrained_genui,119,struggling_novice,0,11,1,0,,
unconstrained_genui,119,struggling_novice,13,17,3,1,1,5
unconstrained_genui,119,struggling_novice,27,39,2,1,5,
rule_based,119,struggling_novice,0,11,1,0,,
rule_based,119,struggling_novice,13,17,1,0,,
rule_based,119,struggling_novice,27,39,1,0,,
closed_loop,119,struggling_novice,0,11,1,0,,
closed_loop,119,struggling_novice,13,17,1,0,,
closed_loop,119,struggling_novice,27,39,1,0,,
ablation_no_derivative_filter,119,struggling_novice,0,11,1,0,,
ablation_no_derivative_filter,119,struggling_novice,13,17,1,0,,
ablation_no_derivative_filter,119,struggling_novice,27,39,2,1,1,
ablation_no_anti_windup,119,struggling_novice,0,11,1,0,,
ablation_no_anti_windup,119,struggling_novice,13,17,1,0,,
ablation_no_anti_windup,119,struggling_novice,27,39,1,0,,
ablation_level_slew_limit,119,struggling_novice,0,11,1,0,,
ablation_level_slew_limit,119,struggling_novice,13,17,1,0,,
ablation_level_slew_limit,119,struggling_novice,27,39,1,0,,
static,120,struggling_novice,5,9,2,0,,
static,120,struggling_novice,15,34,2,0,,
unconstrained_genui,120,struggling_novice,5,9,2,1,1,2
unconstrained_genui,120,struggling_novice,15,34,4,1,1,
rule_based,120,struggling_novice,5,9,1,0,,
rule_based,120,struggling_novice,15,34,1,0,,
closed_loop,120,struggling_novice,5,9,1,0,,
closed_loop,120,struggling_novice,15,34,2,1,1,
ablation_no_derivative_filter,120,struggling_novice,5,9,1,0,,
ablation_no_derivative_filter,120,struggling_novice,15,34,2,1,1,
ablation_no_anti_windup,120,struggling_novice,5,9,1,0,,
ablation_no_anti_windup,120,struggling_novice,15,34,1,0,,
ablation_level_slew_limit,120,struggling_novice,5,9,1,0,,
ablation_level_slew_limit,120,struggling_novice,15,34,2,1,1,
static,121,struggling_novice,0,5,2,0,,
static,121,struggling_novice,7,14,2,0,,
static,121,struggling_novice,24,30,2,0,,
unconstrained_genui,121,struggling_novice,0,5,2,1,1,2
unconstrained_genui,121,struggling_novice,7,14,3,1,1,7
unconstrained_genui,121,struggling_novice,24,30,3,1,2,2
rule_based,121,struggling_novice,0,5,1,0,,
rule_based,121,struggling_novice,7,14,1,0,,
rule_based,121,struggling_novice,24,30,1,0,,
closed_loop,121,struggling_novice,0,5,1,0,,
closed_loop,121,struggling_novice,7,14,1,0,,
closed_loop,121,struggling_novice,24,30,2,1,1,9
ablation_no_derivative_filter,121,struggling_novice,0,5,1,0,,
ablation_no_derivative_filter,121,struggling_novice,7,14,1,0,,
ablation_no_derivative_filter,121,struggling_novice,24,30,2,1,1,4
ablation_no_anti_windup,121,struggling_novice,0,5,1,0,,
ablation_no_anti_windup,121,struggling_novice,7,14,1,0,,
ablation_no_anti_windup,121,struggling_novice,24,30,1,0,,
ablation_level_slew_limit,121,struggling_novice,0,5,1,0,,
ablation_level_slew_limit,121,struggling_novice,7,14,1,0,,
ablation_level_slew_limit,121,struggling_novice,24,30,2,1,1,9
static,124,struggling_novice,3,9,2,0,,
static,124,struggling_novice,14,18,2,0,,
unconstrained_genui,124,struggling_novice,3,9,3,1,1,11
unconstrained_genui,124,struggling_novice,14,18,1,0,,
rule_based,124,struggling_novice,3,9,1,0,,
rule_based,124,struggling_novice,14,18,1,0,,
closed_loop,124,struggling_novice,3,9,1,0,,
closed_loop,124,struggling_novice,14,18,1,0,,
ablation_no_derivative_filter,124,struggling_novice,3,9,1,0,,
ablation_no_derivative_filter,124,struggling_novice,14,18,1,0,,
ablation_no_anti_windup,124,struggling_novice,3,9,1,0,,
ablation_no_anti_windup,124,struggling_novice,14,18,1,0,,
ablation_level_slew_limit,124,struggling_novice,3,9,1,0,,
ablation_level_slew_limit,124,struggling_novice,14,18,1,0,,
static,126,struggling_novice,0,4,2,0,,
unconstrained_genui,126,struggling_novice,0,4,2,1,1,2
rule_based,126,struggling_novice,0,4,1,0,,
closed_loop,126,struggling_novice,0,4,1,0,,
ablation_no_derivative_filter,126,struggling_novice,0,4,1,0,,
ablation_no_anti_windup,126,struggling_novice,0,4,1,0,,
ablation_level_slew_limit,126,struggling_novice,0,4,1,0,,
static,128,struggling_novice,0,12,2,0,,
static,128,struggling_novice,20,34,2,0,,
unconstrained_genui,128,struggling_novice,0,12,1,0,,
unconstrained_genui,128,struggling_novice,20,34,4,1,1,
rule_based,128,struggling_novice,0,12,1,0,,
rule_based,128,struggling_novice,20,34,1,0,,
closed_loop,128,struggling_novice,0,12,1,0,,
closed_loop,128,struggling_novice,20,34,1,0,,
ablation_no_derivative_filter,128,struggling_novice,0,12,1,0,,
ablation_no_derivative_filter,128,struggling_novice,20,34,2,1,1,
ablation_no_anti_windup,128,struggling_novice,0,12,1,0,,
ablation_no_anti_windup,128,struggling_novice,20,34,1,0,,
ablation_level_slew_limit,128,struggling_novice,0,12,1,0,,
ablation_level_slew_limit,128,struggling_novice,20,34,1,0,,
static,129,struggling_novice,0,14,2,0,,
static,129,struggling_novice,16,22,2,0,,
unconstrained_genui,129,struggling_novice,0,14,2,1,1,2
unconstrained_genui,129,struggling_novice,16,22,2,1,1,2
rule_based,129,struggling_novice,0,14,1,0,,
rule_based,129,struggling_novice,16,22,1,0,,
closed_loop,129,struggling_novice,0,14,1,0,,
closed_loop,129,struggling_novice,16,22,1,0,,
ablation_no_derivative_filter,129,struggling_novice,0,14,1,0,,
ablation_no_derivative_filter,129,struggling_novice,16,22,1,0,,
ablation_no_anti_windup,129,struggling_novice,0,14,1,0,,
ablation_no_anti_windup,129,struggling_novice,16,22,1,0,,
ablation_level_slew_limit,129,struggling_novice,0,14,1,0,,
ablation_level_slew_limit,129,struggling_novice,16,22,1,0,,
static,131,struggling_novice,0,15,2,0,,
unconstrained_genui,131,struggling_novice,0,15,1,0,,
rule_based,131,struggling_novice,0,15,1,0,,
closed_loop,131,struggling_novice,0,15,1,0,,
ablation_no_derivative_filter,131,struggling_novice,0,15,1,0,,
ablation_no_anti_windup,131,struggling_novice,0,15,1,0,,
ablation_level_slew_limit,131,struggling_novice,0,15,1,0,,
static,135,struggling_novice,12,18,2,0,,
unconstrained_genui,135,struggling_novice,12,18,3,1,1,4
rule_based,135,struggling_novice,12,18,1,0,,
closed_loop,135,struggling_novice,12,18,1,0,,
ablation_no_derivative_filter,135,struggling_novice,12,18,1,0,,
ablation_no_anti_windup,135,struggling_novice,12,18,1,0,,
ablation_level_slew_limit,135,struggling_novice,12,18,1,0,,
static,136,struggling_novice,3,11,2,0,,
static,136,struggling_novice,13,20,2,0,,
static,136,struggling_novice,25,38,2,0,,
unconstrained_genui,136,struggling_novice,3,11,4,1,1,14
unconstrained_genui,136,struggling_novice,13,20,3,1,1,4
unconstrained_genui,136,struggling_novice,25,38,4,1,1,
rule_based,136,struggling_novice,3,11,1,0,,
rule_based,136,struggling_novice,13,20,1,0,,
rule_based,136,struggling_novice,25,38,1,0,,
closed_loop,136,struggling_novice,3,11,2,1,1,14
closed_loop,136,struggling_novice,13,20,1,0,,
closed_loop,136,struggling_novice,25,38,2,1,1,
ablation_no_derivative_filter,136,struggling_novice,3,11,2,1,1,13
ablation_no_derivative_filter,136,struggling_novice,13,20,1,0,,
ablation_no_derivative_filter,136,struggling_novice,25,38,3,1,1,
ablation_no_anti_windup,136,struggling_novice,3,11,2,1,1,
ablation_no_anti_windup,136,struggling_novice,13,20,1,0,,
ablation_no_anti_windup,136,struggling_novice,25,38,1,0,,
ablation_level_slew_limit,136,struggling_novice,3,11,2,1,1,14
ablation_level_slew_limit,136,struggling_novice,13,20,1,0,,
ablation_level_slew_limit,136,struggling_novice,25,38,2,1,1,
static,137,struggling_novice,0,5,2,0,,
static,137,struggling_novice,12,28,2,0,,
static,137,struggling_novice,32,39,2,0,,
unconstrained_genui,137,struggling_novice,0,5,2,1,2,2
unconstrained_genui,137,struggling_novice,12,28,3,1,1,2
unconstrained_genui,137,struggling_novice,32,39,2,1,1,
rule_based,137,struggling_novice,0,5,1,0,,
rule_based,137,struggling_novice,12,28,1,0,,
rule_based,137,struggling_novice,32,39,1,0,,
closed_loop,137,struggling_novice,0,5,1,0,,
closed_loop,137,struggling_novice,12,28,2,1,1,
closed_loop,137,struggling_novice,32,39,1,0,,
ablation_no_derivative_filter,137,struggling_novice,0,5,1,0,,
ablation_no_derivative_filter,137,struggling_novice,12,28,2,1,1,4
ablation_no_derivative_filter,137,struggling_novice,32,39,2,1,1,
ablation_no_anti_windup,137,struggling_novice,0,5,1,0,,
ablation_no_anti_windup,137,struggling_novice,12,28,1,0,,
ablation_no_anti_windup,137,struggling_novice,32,39,1,0,,
ablation_level_slew_limit,137,struggling_novice,0,5,1,0,,
ablation_level_slew_limit,137,struggling_novice,12,28,2,1,1,
ablation_level_slew_limit,137,struggling_novice,32,39,1,0,,
static,138,struggling_novice,0,6,2,0,,
unconstrained_genui,138,struggling_novice,0,6,1,0,,
rule_based,138,struggling_novice,0,6,1,0,,
closed_loop,138,struggling_novice,0,6,1,0,,
ablation_no_derivative_filter,138,struggling_novice,0,6,1,0,,
ablation_no_anti_windup,138,struggling_novice,0,6,1,0,,
ablation_level_slew_limit,138,struggling_novice,0,6,1,0,,
static,143,struggling_novice,0,6,2,0,,
unconstrained_genui,143,struggling_novice,0,6,2,1,1,2
rule_based,143,struggling_novice,0,6,1,0,,
closed_loop,143,struggling_novice,0,6,1,0,,
ablation_no_derivative_filter,143,struggling_novice,0,6,1,0,,
ablation_no_anti_windup,143,struggling_novice,0,6,1,0,,
ablation_level_slew_limit,143,struggling_novice,0,6,1,0,,
static,145,struggling_novice,19,23,2,0,,
unconstrained_genui,145,struggling_novice,19,23,4,0,11,
rule_based,145,struggling_novice,19,23,3,1,2,12
closed_loop,145,struggling_novice,19,23,4,0,,
ablation_no_derivative_filter,145,struggling_novice,19,23,4,0,,
ablation_no_anti_windup,145,struggling_novice,19,23,4,0,,
ablation_level_slew_limit,145,struggling_novice,19,23,4,0,,
static,146,struggling_novice,10,19,2,0,,
unconstrained_genui,146,struggling_novice,10,19,2,1,4,2
rule_based,146,struggling_novice,10,19,1,0,,
closed_loop,146,struggling_novice,10,19,1,0,,
ablation_no_derivative_filter,146,struggling_novice,10,19,1,0,,
ablation_no_anti_windup,146,struggling_novice,10,19,1,0,,
ablation_level_slew_limit,146,struggling_novice,10,19,1,0,,
static,148,struggling_novice,4,8,2,0,,
static,148,struggling_novice,10,15,2,0,,
static,148,struggling_novice,19,30,2,0,,
static,148,struggling_novice,33,37,2,0,,
unconstrained_genui,148,struggling_novice,4,8,2,1,1,2
unconstrained_genui,148,struggling_novice,10,15,3,1,1,2
unconstrained_genui,148,struggling_novice,19,30,3,1,3,2
unconstrained_genui,148,struggling_novice,33,37,4,1,1,
rule_based,148,struggling_novice,4,8,1,0,,
rule_based,148,struggling_novice,10,15,1,0,,
rule_based,148,struggling_novice,19,30,2,1,2,
rule_based,148,struggling_novice,33,37,1,0,,
closed_loop,148,struggling_novice,4,8,1,0,,
closed_loop,148,struggling_novice,10,15,1,0,,
closed_loop,148,struggling_novice,19,30,4,1,1,
closed_loop,148,struggling_novice,33,37,2,1,1,
ablation_no_derivative_filter,148,struggling_novice,4,8,1,0,,
ablation_no_derivative_filter,148,struggling_novice,10,15,1,0,,
ablation_no_derivative_filter,148,struggling_novice,19,30,4,1,1,
ablation_no_derivative_filter,148,struggling_novice,33,37,2,1,1,
ablation_no_anti_windup,148,struggling_novice,4,8,1,0,,
ablation_no_anti_windup,148,struggling_novice,10,15,1,0,,
ablation_no_anti_windup,148,struggling_novice,19,30,2,1,1,
ablation_no_anti_windup,148,struggling_novice,33,37,1,0,,
ablation_level_slew_limit,148,struggling_novice,4,8,1,0,,
ablation_level_slew_limit,148,struggling_novice,10,15,1,0,,
ablation_level_slew_limit,148,struggling_novice,19,30,3,1,1,
ablation_level_slew_limit,148,struggling_novice,33,37,2,1,1,
static,149,struggling_novice,0,4,2,0,,
static,149,struggling_novice,6,10,2,0,,
unconstrained_genui,149,struggling_novice,0,4,2,1,2,2
unconstrained_genui,149,struggling_novice,6,10,2,1,1,2
rule_based,149,struggling_novice,0,4,1,0,,
rule_based,149,struggling_novice,6,10,1,0,,
closed_loop,149,struggling_novice,0,4,1,0,,
closed_loop,149,struggling_novice,6,10,1,0,,
ablation_no_derivative_filter,149,struggling_novice,0,4,1,0,,
ablation_no_derivative_filter,149,struggling_novice,6,10,1,0,,
ablation_no_anti_windup,149,struggling_novice,0,4,1,0,,
ablation_no_anti_windup,149,struggling_novice,6,10,1,0,,
ablation_level_slew_limit,149,struggling_novice,0,4,1,0,,
ablation_level_slew_limit,149,struggling_novice,6,10,1,0,,
static,152,struggling_novice,2,6,2,0,,
unconstrained_genui,152,struggling_novice,2,6,2,1,1,2
rule_based,152,struggling_novice,2,6,1,0,,
closed_loop,152,struggling_novice,2,6,1,0,,
ablation_no_derivative_filter,152,struggling_novice,2,6,1,0,,
ablation_no_anti_windup,152,struggling_novice,2,6,1,0,,
ablation_level_slew_limit,152,struggling_novice,2,6,1,0,,
static,153,struggling_novice,12,25,2,0,,
static,153,struggling_novice,27,38,2,0,,
unconstrained_genui,153,struggling_novice,12,25,4,1,1,
unconstrained_genui,153,struggling_novice,27,38,2,1,1,
rule_based,153,struggling_novice,12,25,1,0,,
rule_based,153,struggling_novice,27,38,1,0,,
closed_loop,153,struggling_novice,12,25,2,1,1,
closed_loop,153,struggling_novice,27,38,1,0,,
ablation_no_derivative_filter,153,struggling_novice,12,25,2,1,1,
ablation_no_derivative_filter,153,struggling_novice,27,38,1,0,,
ablation_no_anti_windup,153,struggling_novice,12,25,1,0,,
ablation_no_anti_windup,153,struggling_novice,27,38,1,0,,
ablation_level_slew_limit,153,struggling_novice,12,25,2,1,1,
ablation_level_slew_limit,153,struggling_novice,27,38,1,0,,
static,155,struggling_novice,10,17,2,0,,
static,155,struggling_novice,19,31,2,0,,
unconstrained_genui,155,struggling_novice,10,17,4,1,1,20
unconstrained_genui,155,struggling_novice,19,31,2,1,1,2
rule_based,155,struggling_novice,10,17,1,0,,
rule_based,155,struggling_novice,19,31,1,0,,
closed_loop,155,struggling_novice,10,17,2,1,1,20
closed_loop,155,struggling_novice,19,31,1,0,,
ablation_no_derivative_filter,155,struggling_novice,10,17,2,1,1,20
ablation_no_derivative_filter,155,struggling_novice,19,31,1,0,,
ablation_no_anti_windup,155,struggling_novice,10,17,1,0,,
ablation_no_anti_windup,155,struggling_novice,19,31,1,0,,
ablation_level_slew_limit,155,struggling_novice,10,17,2,1,1,20
ablation_level_slew_limit,155,struggling_novice,19,31,1,0,,
static,157,struggling_novice,1,6,2,0,,
static,157,struggling_novice,8,15,2,0,,
unconstrained_genui,157,struggling_novice,1,6,2,1,2,2
unconstrained_genui,157,struggling_novice,8,15,3,1,1,5
rule_based,157,struggling_novice,1,6,1,0,,
rule_based,157,struggling_novice,8,15,1,0,,
closed_loop,157,struggling_novice,1,6,1,0,,
closed_loop,157,struggling_novice,8,15,1,0,,
ablation_no_derivative_filter,157,struggling_novice,1,6,2,1,1,15
ablation_no_derivative_filter,157,struggling_novice,8,15,1,0,,
ablation_no_anti_windup,157,struggling_novice,1,6,1,0,,
ablation_no_anti_windup,157,struggling_novice,8,15,1,0,,
ablation_level_slew_limit,157,struggling_novice,1,6,1,0,,
ablation_level_slew_limit,157,struggling_novice,8,15,1,0,,
static,158,struggling_novice,3,12,2,0,,
unconstrained_genui,158,struggling_novice,3,12,2,1,2,2
rule_based,158,struggling_novice,3,12,1,0,,
closed_loop,158,struggling_novice,3,12,1,0,,
ablation_no_derivative_filter,158,struggling_novice,3,12,1,0,,
ablation_no_anti_windup,158,struggling_novice,3,12,1,0,,
ablation_level_slew_limit,158,struggling_novice,3,12,1,0,,
static,159,struggling_novice,2,9,2,0,,
static,159,struggling_novice,17,35,2,0,,
unconstrained_genui,159,struggling_novice,2,9,2,1,3,2
unconstrained_genui,159,struggling_novice,17,35,3,1,1,
rule_based,159,struggling_novice,2,9,1,0,,
rule_based,159,struggling_novice,17,35,1,0,,
closed_loop,159,struggling_novice,2,9,1,0,,
closed_loop,159,struggling_novice,17,35,1,0,,
ablation_no_derivative_filter,159,struggling_novice,2,9,1,0,,
ablation_no_derivative_filter,159,struggling_novice,17,35,2,1,1,
ablation_no_anti_windup,159,struggling_novice,2,9,1,0,,
ablation_no_anti_windup,159,struggling_novice,17,35,1,0,,
ablation_level_slew_limit,159,struggling_novice,2,9,1,0,,
ablation_level_slew_limit,159,struggling_novice,17,35,1,0,,
static,161,struggling_novice,10,15,2,0,,
static,161,struggling_novice,17,21,2,0,,
static,161,struggling_novice,28,32,2,0,,
unconstrained_genui,161,struggling_novice,10,15,3,1,1,8
unconstrained_genui,161,struggling_novice,17,21,2,1,2,2
unconstrained_genui,161,struggling_novice,28,32,2,1,3,2
rule_based,161,struggling_novice,10,15,1,0,,
rule_based,161,struggling_novice,17,21,1,0,,
rule_based,161,struggling_novice,28,32,1,0,,
closed_loop,161,struggling_novice,10,15,1,0,,
closed_loop,161,struggling_novice,17,21,1,0,,
closed_loop,161,struggling_novice,28,32,1,0,,
ablation_no_derivative_filter,161,struggling_novice,10,15,2,1,1,20
ablation_no_derivative_filter,161,struggling_novice,17,21,1,0,,
ablation_no_derivative_filter,161,struggling_novice,28,32,1,0,,
ablation_no_anti_windup,161,struggling_novice,10,15,1,0,,
ablation_no_anti_windup,161,struggling_novice,17,21,1,0,,
ablation_no_anti_windup,161,struggling_novice,28,32,1,0,,
ablation_level_slew_limit,161,struggling_novice,10,15,1,0,,
ablation_level_slew_limit,161,struggling_novice,17,21,1,0,,
ablation_level_slew_limit,161,struggling_novice,28,32,1,0,,
static,164,struggling_novice,0,14,2,0,,
static,164,struggling_novice,16,31,2,0,,
static,164,struggling_novice,35,39,2,0,,
unconstrained_genui,164,struggling_novice,0,14,1,0,,
unconstrained_genui,164,struggling_novice,16,31,3,1,1,2
unconstrained_genui,164,struggling_novice,35,39,3,1,1,
rule_based,164,struggling_novice,0,14,1,0,,
rule_based,164,struggling_novice,16,31,1,0,,
rule_based,164,struggling_novice,35,39,1,0,,
closed_loop,164,struggling_novice,0,14,1,0,,
closed_loop,164,struggling_novice,16,31,1,0,,
closed_loop,164,struggling_novice,35,39,1,0,,
ablation_no_derivative_filter,164,struggling_novice,0,14,1,0,,
ablation_no_derivative_filter,164,struggling_novice,16,31,1,0,,
ablation_no_derivative_filter,164,struggling_novice,35,39,2,1,1,
ablation_no_anti_windup,164,struggling_novice,0,14,1,0,,
ablation_no_anti_windup,164,struggling_novice,16,31,1,0,,
ablation_no_anti_windup,164,struggling_novice,35,39,1,0,,
ablation_level_slew_limit,164,struggling_novice,0,14,1,0,,
ablation_level_slew_limit,164,struggling_novice,16,31,1,0,,
ablation_level_slew_limit,164,struggling_novice,35,39,1,0,,
static,165,struggling_novice,3,10,2,0,,
unconstrained_genui,165,struggling_novice,3,10,3,1,1,2
rule_based,165,struggling_novice,3,10,1,0,,
closed_loop,165,struggling_novice,3,10,1,0,,
ablation_no_derivative_filter,165,struggling_novice,3,10,1,0,,
ablation_no_anti_windup,165,struggling_novice,3,10,1,0,,
ablation_level_slew_limit,165,struggling_novice,3,10,1,0,,
static,167,struggling_novice,0,11,2,0,,
unconstrained_genui,167,struggling_novice,0,11,2,1,3,2
rule_based,167,struggling_novice,0,11,1,0,,
closed_loop,167,struggling_novice,0,11,1,0,,
ablation_no_derivative_filter,167,struggling_novice,0,11,1,0,,
ablation_no_anti_windup,167,struggling_novice,0,11,1,0,,
ablation_level_slew_limit,167,struggling_novice,0,11,1,0,,
static,168,struggling_novice,0,5,2,0,,
unconstrained_genui,168,struggling_novice,0,5,1,0,,
rule_based,168,struggling_novice,0,5,1,0,,
closed_loop,168,struggling_novice,0,5,1,0,,
ablation_no_derivative_filter,168,struggling_novice,0,5,1,0,,
ablation_no_anti_windup,168,struggling_novice,0,5,1,0,,
ablation_level_slew_limit,168,struggling_novice,0,5,1,0,,
static,170,struggling_novice,0,17,2,0,,
unconstrained_genui,170,struggling_novice,0,17,1,0,,
rule_based,170,struggling_novice,0,17,1,0,,
closed_loop,170,struggling_novice,0,17,1,0,,
ablation_no_derivative_filter,170,struggling_novice,0,17,1,0,,
ablation_no_anti_windup,170,struggling_novice,0,17,1,0,,
ablation_level_slew_limit,170,struggling_novice,0,17,1,0,,
static,171,struggling_novice,0,6,2,0,,
static,171,struggling_novice,16,20,2,0,,
unconstrained_genui,171,struggling_novice,0,6,1,0,,
unconstrained_genui,171,struggling_novice,16,20,3,1,1,3
rule_based,171,struggling_novice,0,6,1,0,,
rule_based,171,struggling_novice,16,20,1,0,,
closed_loop,171,struggling_novice,0,6,1,0,,
closed_loop,171,struggling_novice,16,20,2,1,1,3
ablation_no_derivative_filter,171,struggling_novice,0,6,1,0,,
ablation_no_derivative_filter,171,struggling_novice,16,20,2,1,1,3
ablation_no_anti_windup,171,struggling_novice,0,6,1,0,,
ablation_no_anti_windup,171,struggling_novice,16,20,1,0,,
ablation_level_slew_limit,171,struggling_novice,0,6,1,0,,
ablation_level_slew_limit,171,struggling_novice,16,20,2,1,1,3
static,173,struggling_novice,0,10,2,0,,
unconstrained_genui,173,struggling_novice,0,10,2,1,1,2
rule_based,173,struggling_novice,0,10,1,0,,
closed_loop,173,struggling_novice,0,10,1,0,,
ablation_no_derivative_filter,173,struggling_novice,0,10,1,0,,
ablation_no_anti_windup,173,struggling_novice,0,10,1,0,,
ablation_level_slew_limit,173,struggling_novice,0,10,1,0,,
static,174,struggling_novice,3,9,2,0,,
unconstrained_genui,174,struggling_novice,3,9,2,1,4,2
rule_based,174,struggling_novice,3,9,1,0,,
closed_loop,174,struggling_novice,3,9,1,0,,
ablation_no_derivative_filter,174,struggling_novice,3,9,1,0,,
ablation_no_anti_windup,174,struggling_novice,3,9,1,0,,
ablation_level_slew_limit,174,struggling_novice,3,9,1,0,,
static,175,struggling_novice,0,4,2,0,,
static,175,struggling_novice,6,10,2,0,,
unconstrained_genui,175,struggling_novice,0,4,1,0,,
unconstrained_genui,175,struggling_novice,6,10,3,1,1,4
rule_based,175,struggling_novice,0,4,1,0,,
rule_based,175,struggling_novice,6,10,1,0,,
closed_loop,175,struggling_novice,0,4,1,0,,
closed_loop,175,struggling_novice,6,10,1,0,,
ablation_no_derivative_filter,175,struggling_novice,0,4,1,0,,
ablation_no_derivative_filter,175,struggling_novice,6,10,1,0,,
ablation_no_anti_windup,175,struggling_novice,0,4,1,0,,
ablation_no_anti_windup,175,struggling_novice,6,10,1,0,,
ablation_level_slew_limit,175,struggling_novice,0,4,1,0,,
ablation_level_slew_limit,175,struggling_novice,6,10,1,0,,
static,177,struggling_novice,0,6,2,0,,
unconstrained_genui,177,struggling_novice,0,6,2,1,2,3
rule_based,177,struggling_novice,0,6,1,0,,
closed_loop,177,struggling_novice,0,6,1,0,,
ablation_no_derivative_filter,177,struggling_novice,0,6,1,0,,
ablation_no_anti_windup,177,struggling_novice,0,6,1,0,,
ablation_level_slew_limit,177,struggling_novice,0,6,1,0,,
static,178,struggling_novice,10,14,2,0,,
unconstrained_genui,178,struggling_novice,10,14,4,1,1,11
rule_based,178,struggling_novice,10,14,1,0,,
closed_loop,178,struggling_novice,10,14,1,0,,
ablation_no_derivative_filter,178,struggling_novice,10,14,2,1,1,11
ablation_no_anti_windup,178,struggling_novice,10,14,1,0,,
ablation_level_slew_limit,178,struggling_novice,10,14,1,0,,
static,181,struggling_novice,9,13,2,0,,
static,181,struggling_novice,18,22,2,0,,
unconstrained_genui,181,struggling_novice,9,13,4,1,1,12
unconstrained_genui,181,struggling_novice,18,22,3,1,1,3
rule_based,181,struggling_novice,9,13,1,0,,
rule_based,181,struggling_novice,18,22,1,0,,
closed_loop,181,struggling_novice,9,13,2,1,1,12
closed_loop,181,struggling_novice,18,22,1,0,,
ablation_no_derivative_filter,181,struggling_novice,9,13,2,1,1,12
ablation_no_derivative_filter,181,struggling_novice,18,22,1,0,,
ablation_no_anti_windup,181,struggling_novice,9,13,2,1,1,13
ablation_no_anti_windup,181,struggling_novice,18,22,1,0,,
ablation_level_slew_limit,181,struggling_novice,9,13,2,1,1,12
ablation_level_slew_limit,181,struggling_novice,18,22,1,0,,
static,185,struggling_novice,0,28,2,0,,
unconstrained_genui,185,struggling_novice,0,28,1,0,,
rule_based,185,struggling_novice,0,28,1,0,,
closed_loop,185,struggling_novice,0,28,1,0,,
ablation_no_derivative_filter,185,struggling_novice,0,28,1,0,,
ablation_no_anti_windup,185,struggling_novice,0,28,1,0,,
ablation_level_slew_limit,185,struggling_novice,0,28,1,0,,
static,186,struggling_novice,0,26,2,0,,
unconstrained_genui,186,struggling_novice,0,26,1,0,,
rule_based,186,struggling_novice,0,26,1,0,,
closed_loop,186,struggling_novice,0,26,1,0,,
ablation_no_derivative_filter,186,struggling_novice,0,26,1,0,,
ablation_no_anti_windup,186,struggling_novice,0,26,1,0,,
ablation_level_slew_limit,186,struggling_novice,0,26,1,0,,
static,187,struggling_novice,0,4,2,0,,
static,187,struggling_novice,6,11,2,0,,
static,187,struggling_novice,13,22,2,0,,
unconstrained_genui,187,struggling_novice,0,4,1,0,,
unconstrained_genui,187,struggling_novice,6,11,3,1,1,2
unconstrained_genui,187,struggling_novice,13,22,3,1,1,2
rule_based,187,struggling_novice,0,4,1,0,,
rule_based,187,struggling_novice,6,11,1,0,,
rule_based,187,struggling_novice,13,22,1,0,,
closed_loop,187,struggling_novice,0,4,1,0,,
closed_loop,187,struggling_novice,6,11,1,0,,
closed_loop,187,struggling_novice,13,22,1,0,,
ablation_no_derivative_filter,187,struggling_novice,0,4,1,0,,
ablation_no_derivative_filter,187,struggling_novice,6,11,1,0,,
ablation_no_derivative_filter,187,struggling_novice,13,22,1,0,,
ablation_no_anti_windup,187,struggling_novice,0,4,1,0,,
ablation_no_anti_windup,187,struggling_novice,6,11,1,0,,
ablation_no_anti_windup,187,struggling_novice,13,22,1,0,,
ablation_level_slew_limit,187,struggling_novice,0,4,1,0,,
ablation_level_slew_limit,187,struggling_novice,6,11,1,0,,
ablation_level_slew_limit,187,struggling_novice,13,22,1,0,,
static,188,struggling_novice,1,6,2,0,,
static,188,struggling_novice,8,16,2,0,,
static,188,struggling_novice,18,33,2,0,,
unconstrained_genui,188,struggling_novice,1,6,2,1,1,2
unconstrained_genui,188,struggling_novice,8,16,3,1,1,2
unconstrained_genui,188,struggling_novice,18,33,3,1,1,2
rule_based,188,struggling_novice,1,6,1,0,,
rule_based,188,struggling_novice,8,16,1,0,,
rule_based,188,struggling_novice,18,33,1,0,,
closed_loop,188,struggling_novice,1,6,1,0,,
closed_loop,188,struggling_novice,8,16,1,0,,
closed_loop,188,struggling_novice,18,33,1,0,,
ablation_no_derivative_filter,188,struggling_novice,1,6,2,1,1,30
ablation_no_derivative_filter,188,struggling_novice,8,16,1,0,,
ablation_no_derivative_filter,188,struggling_novice,18,33,1,0,,
ablation_no_anti_windup,188,struggling_novice,1,6,1,0,,
ablation_no_anti_windup,188,struggling_novice,8,16,1,0,,
ablation_no_anti_windup,188,struggling_novice,18,33,1,0,,
ablation_level_slew_limit,188,struggling_novice,1,6,1,0,,
ablation_level_slew_limit,188,struggling_novice,8,16,1,0,,
ablation_level_slew_limit,188,struggling_novice,18,33,1,0,,
static,189,struggling_novice,0,6,2,0,,
unconstrained_genui,189,struggling_novice,0,6,1,0,,
rule_based,189,struggling_novice,0,6,1,0,,
closed_loop,189,struggling_novice,0,6,1,0,,
ablation_no_derivative_filter,189,struggling_novice,0,6,1,0,,
ablation_no_anti_windup,189,struggling_novice,0,6,1,0,,
ablation_level_slew_limit,189,struggling_novice,0,6,1,0,,
static,190,struggling_novice,0,4,2,0,,
unconstrained_genui,190,struggling_novice,0,4,1,0,,
rule_based,190,struggling_novice,0,4,1,0,,
closed_loop,190,struggling_novice,0,4,1,0,,
ablation_no_derivative_filter,190,struggling_novice,0,4,1,0,,
ablation_no_anti_windup,190,struggling_novice,0,4,1,0,,
ablation_level_slew_limit,190,struggling_novice,0,4,1,0,,
static,191,struggling_novice,0,10,2,0,,
unconstrained_genui,191,struggling_novice,0,10,1,0,,
rule_based,191,struggling_novice,0,10,1,0,,
closed_loop,191,struggling_novice,0,10,1,0,,
ablation_no_derivative_filter,191,struggling_novice,0,10,1,0,,
ablation_no_anti_windup,191,struggling_novice,0,10,1,0,,
ablation_level_slew_limit,191,struggling_novice,0,10,1,0,,
static,193,struggling_novice,0,9,2,0,,
static,193,struggling_novice,11,22,2,0,,
unconstrained_genui,193,struggling_novice,0,9,1,0,,
unconstrained_genui,193,struggling_novice,11,22,3,1,1,2
rule_based,193,struggling_novice,0,9,1,0,,
rule_based,193,struggling_novice,11,22,1,0,,
closed_loop,193,struggling_novice,0,9,1,0,,
closed_loop,193,struggling_novice,11,22,1,0,,
ablation_no_derivative_filter,193,struggling_novice,0,9,1,0,,
ablation_no_derivative_filter,193,struggling_novice,11,22,1,0,,
ablation_no_anti_windup,193,struggling_novice,0,9,1,0,,
ablation_no_anti_windup,193,struggling_novice,11,22,1,0,,
ablation_level_slew_limit,193,struggling_novice,0,9,1,0,,
ablation_level_slew_limit,193,struggling_novice,11,22,1,0,,
static,195,struggling_novice,0,7,2,0,,
static,195,struggling_novice,14,27,2,0,,
unconstrained_genui,195,struggling_novice,0,7,1,0,,
unconstrained_genui,195,struggling_novice,14,27,1,0,,
rule_based,195,struggling_novice,0,7,1,0,,
rule_based,195,struggling_novice,14,27,1,0,,
closed_loop,195,struggling_novice,0,7,1,0,,
closed_loop,195,struggling_novice,14,27,1,0,,
ablation_no_derivative_filter,195,struggling_novice,0,7,1,0,,
ablation_no_derivative_filter,195,struggling_novice,14,27,1,0,,
ablation_no_anti_windup,195,struggling_novice,0,7,1,0,,
ablation_no_anti_windup,195,struggling_novice,14,27,1,0,,
ablation_level_slew_limit,195,struggling_novice,0,7,1,0,,
ablation_level_slew_limit,195,struggling_novice,14,27,1,0,,
static,196,struggling_novice,4,8,2,0,,
static,196,struggling_novice,13,22,2,0,,
static,196,struggling_novice,24,28,2,0,,
unconstrained_genui,196,struggling_novice,4,8,2,1,1,2
unconstrained_genui,196,struggling_novice,13,22,3,1,1,8
unconstrained_genui,196,struggling_novice,24,28,1,0,,
rule_based,196,struggling_novice,4,8,1,0,,
rule_based,196,struggling_novice,13,22,1,0,,
rule_based,196,struggling_novice,24,28,1,0,,
closed_loop,196,struggling_novice,4,8,1,0,,
closed_loop,196,struggling_novice,13,22,1,0,,
closed_loop,196,struggling_novice,24,28,1,0,,
ablation_no_derivative_filter,196,struggling_novice,4,8,1,0,,
ablation_no_derivative_filter,196,struggling_novice,13,22,1,0,,
ablation_no_derivative_filter,196,struggling_novice,24,28,1,0,,
ablation_no_anti_windup,196,struggling_novice,4,8,1,0,,
ablation_no_anti_windup,196,struggling_novice,13,22,1,0,,
ablation_no_anti_windup,196,struggling_novice,24,28,1,0,,
ablation_level_slew_limit,196,struggling_novice,4,8,1,0,,
ablation_level_slew_limit,196,struggling_novice,13,22,1,0,,
ablation_level_slew_limit,196,struggling_novice,24,28,1,0,,
static,197,struggling_novice,5,11,2,0,,
static,197,struggling_novice,13,21,2,0,,
static,197,struggling_novice,23,29,2,0,,
static,197,struggling_novice,31,38,2,0,,
unconstrained_genui,197,struggling_novice,5,11,4,1,2,
unconstrained_genui,197,struggling_novice,13,21,3,1,1,
unconstrained_genui,197,struggling_novice,23,29,2,1,2,2
unconstrained_genui,197,struggling_novice,31,38,2,1,1,
rule_based,197,struggling_novice,5,11,2,1,2,
rule_based,197,struggling_novice,13,21,1,0,,
rule_based,197,struggling_novice,23,29,1,0,,
rule_based,197,struggling_novice,31,38,1,0,,
closed_loop,197,struggling_novice,5,11,4,1,1,
closed_loop,197,struggling_novice,13,21,1,0,,
closed_loop,197,struggling_novice,23,29,1,0,,
closed_loop,197,struggling_novice,31,38,1,0,,
ablation_no_derivative_filter,197,struggling_novice,5,11,4,1,1,
ablation_no_derivative_filter,197,struggling_novice,13,21,1,0,,
ablation_no_derivative_filter,197,struggling_novice,23,29,1,0,,
ablation_no_derivative_filter,197,struggling_novice,31,38,1,0,,
ablation_no_anti_windup,197,struggling_novice,5,11,4,1,1,
ablation_no_anti_windup,197,struggling_novice,13,21,1,0,,
ablation_no_anti_windup,197,struggling_novice,23,29,1,0,,
ablation_no_anti_windup,197,struggling_novice,31,38,1,0,,
ablation_level_slew_limit,197,struggling_novice,5,11,3,1,1,
ablation_level_slew_limit,197,struggling_novice,13,21,1,0,,
ablation_level_slew_limit,197,struggling_novice,23,29,1,0,,
ablation_level_slew_limit,197,struggling_novice,31,38,1,0,,
static,199,struggling_novice,5,17,2,0,,
static,199,struggling_novice,24,38,2,0,,
unconstrained_genui,199,struggling_novice,5,17,2,1,1,2
unconstrained_genui,199,struggling_novice,24,38,2,1,3,
rule_based,199,struggling_novice,5,17,1,0,,
rule_based,199,struggling_novice,24,38,1,0,,
closed_loop,199,struggling_novice,5,17,1,0,,
closed_loop,199,struggling_novice,24,38,1,0,,
ablation_no_derivative_filter,199,struggling_novice,5,17,1,0,,
ablation_no_derivative_filter,199,struggling_novice,24,38,1,0,,
ablation_no_anti_windup,199,struggling_novice,5,17,1,0,,
ablation_no_anti_windup,199,struggling_novice,24,38,1,0,,
ablation_level_slew_limit,199,struggling_novice,5,17,1,0,,
ablation_level_slew_limit,199,struggling_novice,24,38,1,0,,
static,200,struggling_novice,0,9,2,0,,
static,200,struggling_novice,17,30,2,0,,
unconstrained_genui,200,struggling_novice,0,9,1,0,,
unconstrained_genui,200,struggling_novice,17,30,4,1,1,2
rule_based,200,struggling_novice,0,9,1,0,,
rule_based,200,struggling_novice,17,30,1,0,,
closed_loop,200,struggling_novice,0,9,1,0,,
closed_loop,200,struggling_novice,17,30,2,1,1,
ablation_no_derivative_filter,200,struggling_novice,0,9,1,0,,
ablation_no_derivative_filter,200,struggling_novice,17,30,2,1,1,
ablation_no_anti_windup,200,struggling_novice,0,9,1,0,,
ablation_no_anti_windup,200,struggling_novice,17,30,1,0,,
ablation_level_slew_limit,200,struggling_novice,0,9,1,0,,
ablation_level_slew_limit,200,struggling_novice,17,30,2,1,1,
static,201,struggling_novice,0,12,2,0,,
static,201,struggling_novice,17,26,2,0,,
unconstrained_genui,201,struggling_novice,0,12,2,1,2,2
unconstrained_genui,201,struggling_novice,17,26,4,1,1,4
rule_based,201,struggling_novice,0,12,1,0,,
rule_based,201,struggling_novice,17,26,1,0,,
closed_loop,201,struggling_novice,0,12,1,0,,
closed_loop,201,struggling_novice,17,26,3,1,1,4
ablation_no_derivative_filter,201,struggling_novice,0,12,1,0,,
ablation_no_derivative_filter,201,struggling_novice,17,26,3,1,1,4
ablation_no_anti_windup,201,struggling_novice,0,12,1,0,,
ablation_no_anti_windup,201,struggling_novice,17,26,1,0,,
ablation_level_slew_limit,201,struggling_novice,0,12,1,0,,
ablation_level_slew_limit,201,struggling_novice,17,26,2,1,1,3
static,202,struggling_novice,0,5,2,0,,
unconstrained_genui,202,struggling_novice,0,5,1,0,,
rule_based,202,struggling_novice,0,5,1,0,,
closed_loop,202,struggling_novice,0,5,1,0,,
ablation_no_derivative_filter,202,struggling_novice,0,5,1,0,,
ablation_no_anti_windup,202,struggling_novice,0,5,1,0,,
ablation_level_slew_limit,202,struggling_novice,0,5,1,0,,
static,203,struggling_novice,3,11,2,0,,
static,203,struggling_novice,21,25,2,0,,
static,203,struggling_novice,28,38,2,0,,
unconstrained_genui,203,struggling_novice,3,11,4,1,1,
unconstrained_genui,203,struggling_novice,21,25,3,1,1,3
unconstrained_genui,203,struggling_novice,28,38,3,1,1,
rule_based,203,struggling_novice,3,11,1,0,,
rule_based,203,struggling_novice,21,25,1,0,,
rule_based,203,struggling_novice,28,38,1,0,,
closed_loop,203,struggling_novice,3,11,2,1,1,17
closed_loop,203,struggling_novice,21,25,1,0,,
closed_loop,203,struggling_novice,28,38,2,1,1,
ablation_no_derivative_filter,203,struggling_novice,3,11,2,1,1,17
ablation_no_derivative_filter,203,struggling_novice,21,25,1,0,,
ablation_no_derivative_filter,203,struggling_novice,28,38,2,1,1,
ablation_no_anti_windup,203,struggling_novice,3,11,2,1,1,
ablation_no_anti_windup,203,struggling_novice,21,25,1,0,,
ablation_no_anti_windup,203,struggling_novice,28,38,1,0,,
ablation_level_slew_limit,203,struggling_novice,3,11,2,1,1,17
ablation_level_slew_limit,203,struggling_novice,21,25,1,0,,
ablation_level_slew_limit,203,struggling_novice,28,38,2,1,1,
static,204,struggling_novice,3,15,2,0,,
unconstrained_genui,204,struggling_novice,3,15,2,1,1,2
rule_based,204,struggling_novice,3,15,1,0,,
closed_loop,204,struggling_novice,3,15,1,0,,
ablation_no_derivative_filter,204,struggling_novice,3,15,1,0,,
ablation_no_anti_windup,204,struggling_novice,3,15,1,0,,
ablation_level_slew_limit,204,struggling_novice,3,15,1,0,,
static,205,struggling_novice,1,9,2,0,,
static,205,struggling_novice,14,32,2,0,,
unconstrained_genui,205,struggling_novice,1,9,2,1,3,2
unconstrained_genui,205,struggling_novice,14,32,2,1,3,2
rule_based,205,struggling_novice,1,9,1,0,,
rule_based,205,struggling_novice,14,32,1,0,,
closed_loop,205,struggling_novice,1,9,1,0,,
closed_loop,205,struggling_novice,14,32,1,0,,
ablation_no_derivative_filter,205,struggling_novice,1,9,2,1,1,29
ablation_no_derivative_filter,205,struggling_novice,14,32,1,0,,
ablation_no_anti_windup,205,struggling_novice,1,9,1,0,,
ablation_no_anti_windup,205,struggling_novice,14,32,1,0,,
ablation_level_slew_limit,205,struggling_novice,1,9,1,0,,
ablation_level_slew_limit,205,struggling_novice,14,32,1,0,,
static,206,struggling_novice,0,18,2,0,,
unconstrained_genui,206,struggling_novice,0,18,2,1,5,2
rule_based,206,struggling_novice,0,18,1,0,,
closed_loop,206,struggling_novice,0,18,1,0,,
ablation_no_derivative_filter,206,struggling_novice,0,18,1,0,,
ablation_no_anti_windup,206,struggling_novice,0,18,1,0,,
ablation_level_slew_limit,206,struggling_novice,0,18,1,0,,
static,207,struggling_novice,8,12,2,0,,
unconstrained_genui,207,struggling_novice,8,12,2,1,1,2
rule_based,207,struggling_novice,8,12,1,0,,
closed_loop,207,struggling_novice,8,12,1,0,,
ablation_no_derivative_filter,207,struggling_novice,8,12,1,0,,
ablation_no_anti_windup,207,struggling_novice,8,12,1,0,,
ablation_level_slew_limit,207,struggling_novice,8,12,1,0,,
static,208,struggling_novice,0,4,2,0,,
unconstrained_genui,208,struggling_novice,0,4,2,1,1,2
rule_based,208,struggling_novice,0,4,1,0,,
closed_loop,208,struggling_novice,0,4,1,0,,
ablation_no_derivative_filter,208,struggling_novice,0,4,1,0,,
ablation_no_anti_windup,208,struggling_novice,0,4,1,0,,
ablation_level_slew_limit,208,struggling_novice,0,4,1,0,,
static,210,struggling_novice,1,10,2,0,,
unconstrained_genui,210,struggling_novice,1,10,4,1,1,3
rule_based,210,struggling_novice,1,10,1,0,,
closed_loop,210,struggling_novice,1,10,1,0,,
ablation_no_derivative_filter,210,struggling_novice,1,10,2,1,1,3
ablation_no_anti_windup,210,struggling_novice,1,10,1,0,,
ablation_level_slew_limit,210,struggling_novice,1,10,1,0,,
static,211,struggling_novice,3,10,2,0,,
unconstrained_genui,211,struggling_novice,3,10,4,1,1,4
rule_based,211,struggling_novice,3,10,1,0,,
closed_loop,211,struggling_novice,3,10,2,1,1,3
ablation_no_derivative_filter,211,struggling_novice,3,10,2,1,1,3
ablation_no_anti_windup,211,struggling_novice,3,10,2,1,1,4
ablation_level_slew_limit,211,struggling_novice,3,10,2,1,1,3
static,212,struggling_novice,0,8,2,0,,
unconstrained_genui,212,struggling_novice,0,8,2,1,1,2
rule_based,212,struggling_novice,0,8,1,0,,
closed_loop,212,struggling_novice,0,8,1,0,,
ablation_no_derivative_filter,212,struggling_novice,0,8,1,0,,
ablation_no_anti_windup,212,struggling_novice,0,8,1,0,,
ablation_level_slew_limit,212,struggling_novice,0,8,1,0,,
static,216,struggling_novice,0,7,2,0,,
unconstrained_genui,216,struggling_novice,0,7,1,0,,
rule_based,216,struggling_novice,0,7,1,0,,
closed_loop,216,struggling_novice,0,7,1,0,,
ablation_no_derivative_filter,216,struggling_novice,0,7,1,0,,
ablation_no_anti_windup,216,struggling_novice,0,7,1,0,,
ablation_level_slew_limit,216,struggling_novice,0,7,1,0,,
static,217,struggling_novice,2,8,2,0,,
unconstrained_genui,217,struggling_novice,2,8,3,1,1,2
rule_based,217,struggling_novice,2,8,1,0,,
closed_loop,217,struggling_novice,2,8,1,0,,
ablation_no_derivative_filter,217,struggling_novice,2,8,1,0,,
ablation_no_anti_windup,217,struggling_novice,2,8,1,0,,
ablation_level_slew_limit,217,struggling_novice,2,8,1,0,,
static,218,struggling_novice,1,5,2,0,,
static,218,struggling_novice,10,19,2,0,,
static,218,struggling_novice,27,34,2,0,,
unconstrained_genui,218,struggling_novice,1,5,2,1,2,3
unconstrained_genui,218,struggling_novice,10,19,2,1,1,6
unconstrained_genui,218,struggling_novice,27,34,4,1,2,
rule_based,218,struggling_novice,1,5,1,0,,
rule_based,218,struggling_novice,10,19,1,0,,
rule_based,218,struggling_novice,27,34,2,1,2,
closed_loop,218,struggling_novice,1,5,1,0,,
closed_loop,218,struggling_novice,10,19,1,0,,
closed_loop,218,struggling_novice,27,34,4,1,1,
ablation_no_derivative_filter,218,struggling_novice,1,5,2,1,1,21
ablation_no_derivative_filter,218,struggling_novice,10,19,1,0,,
ablation_no_derivative_filter,218,struggling_novice,27,34,4,1,1,
ablation_no_anti_windup,218,struggling_novice,1,5,1,0,,
ablation_no_anti_windup,218,struggling_novice,10,19,1,0,,
ablation_no_anti_windup,218,struggling_novice,27,34,1,0,,
ablation_level_slew_limit,218,struggling_novice,1,5,1,0,,
ablation_level_slew_limit,218,struggling_novice,10,19,1,0,,
ablation_level_slew_limit,218,struggling_novice,27,34,3,1,1,
static,219,struggling_novice,0,4,2,0,,
unconstrained_genui,219,struggling_novice,0,4,3,1,1,4
rule_based,219,struggling_novice,0,4,1,0,,
closed_loop,219,struggling_novice,0,4,1,0,,
ablation_no_derivative_filter,219,struggling_novice,0,4,1,0,,
ablation_no_anti_windup,219,struggling_novice,0,4,1,0,,
ablation_level_slew_limit,219,struggling_novice,0,4,1,0,,
static,221,struggling_novice,0,12,2,0,,
unconstrained_genui,221,struggling_novice,0,12,1,0,,
rule_based,221,struggling_novice,0,12,1,0,,
closed_loop,221,struggling_novice,0,12,1,0,,
ablation_no_derivative_filter,221,struggling_novice,0,12,1,0,,
ablation_no_anti_windup,221,struggling_novice,0,12,1,0,,
ablation_level_slew_limit,221,struggling_novice,0,12,1,0,,
static,222,struggling_novice,0,5,2,0,,
unconstrained_genui,222,struggling_novice,0,5,1,0,,
rule_based,222,struggling_novice,0,5,1,0,,
closed_loop,222,struggling_novice,0,5,1,0,,
ablation_no_derivative_filter,222,struggling_novice,0,5,1,0,,
ablation_no_anti_windup,222,struggling_novice,0,5,1,0,,
ablation_level_slew_limit,222,struggling_novice,0,5,1,0,,
static,223,struggling_novice,5,13,2,0,,
static,223,struggling_novice,21,25,2,0,,
static,223,struggling_novice,27,39,2,0,,
unconstrained_genui,223,struggling_novice,5,13,4,1,1,
unconstrained_genui,223,struggling_novice,21,25,3,1,1,12
unconstrained_genui,223,struggling_novice,27,39,1,0,,
rule_based,223,struggling_novice,5,13,1,0,,
rule_based,223,struggling_novice,21,25,1,0,,
rule_based,223,struggling_novice,27,39,1,0,,
closed_loop,223,struggling_novice,5,13,2,1,1,
closed_loop,223,struggling_novice,21,25,1,0,,
closed_loop,223,struggling_novice,27,39,1,0,,
ablation_no_derivative_filter,223,struggling_novice,5,13,2,1,1,8
ablation_no_derivative_filter,223,struggling_novice,21,25,2,1,1,
ablation_no_derivative_filter,223,struggling_novice,27,39,1,0,,
ablation_no_anti_windup,223,struggling_novice,5,13,2,1,1,
ablation_no_anti_windup,223,struggling_novice,21,25,1,0,,
ablation_no_anti_windup,223,struggling_novice,27,39,1,0,,
ablation_level_slew_limit,223,struggling_novice,5,13,2,1,1,
ablation_level_slew_limit,223,struggling_novice,21,25,1,0,,
ablation_level_slew_limit,223,struggling_novice,27,39,1,0,,
static,228,struggling_novice,0,4,2,0,,
static,228,struggling_novice,11,18,2,0,,
static,228,struggling_novice,20,33,2,0,,
unconstrained_genui,228,struggling_novice,0,4,1,0,,
unconstrained_genui,228,struggling_novice,11,18,1,0,,
unconstrained_genui,228,struggling_novice,20,33,3,1,1,2
rule_based,228,struggling_novice,0,4,1,0,,
rule_based,228,struggling_novice,11,18,1,0,,
rule_based,228,struggling_novice,20,33,1,0,,
closed_loop,228,struggling_novice,0,4,1,0,,
closed_loop,228,struggling_novice,11,18,1,0,,
closed_loop,228,struggling_novice,20,33,1,0,,
ablation_no_derivative_filter,228,struggling_novice,0,4,1,0,,
ablation_no_derivative_filter,228,struggling_novice,11,18,1,0,,
ablation_no_derivative_filter,228,struggling_novice,20,33,1,0,,
ablation_no_anti_windup,228,struggling_novice,0,4,1,0,,
ablation_no_anti_windup,228,struggling_novice,11,18,1,0,,
ablation_no_anti_windup,228,struggling_novice,20,33,1,0,,
ablation_level_slew_limit,228,struggling_novice,0,4,1,0,,
ablation_level_slew_limit,228,struggling_novice,11,18,1,0,,
ablation_level_slew_limit,228,struggling_novice,20,33,1,0,,
static,229,struggling_novice,1,7,2,0,,
unconstrained_genui,229,struggling_novice,1,7,3,1,1,6
rule_based,229,struggling_novice,1,7,1,0,,
closed_loop,229,struggling_novice,1,7,1,0,,
ablation_no_derivative_filter,229,struggling_novice,1,7,2,1,1,10
ablation_no_anti_windup,229,struggling_novice,1,7,1,0,,
ablation_level_slew_limit,229,struggling_novice,1,7,1,0,,
static,230,struggling_novice,3,12,2,0,,
unconstrained_genui,230,struggling_novice,3,12,2,1,1,2
rule_based,230,struggling_novice,3,12,1,0,,
closed_loop,230,struggling_novice,3,12,1,0,,
ablation_no_derivative_filter,230,struggling_novice,3,12,1,0,,
ablation_no_anti_windup,230,struggling_novice,3,12,1,0,,
ablation_level_slew_limit,230,struggling_novice,3,12,1,0,,
static,232,struggling_novice,3,9,2,0,,
unconstrained_genui,232,struggling_novice,3,9,2,1,1,2
rule_based,232,struggling_novice,3,9,1,0,,
closed_loop,232,struggling_novice,3,9,1,0,,
ablation_no_derivative_filter,232,struggling_novice,3,9,1,0,,
ablation_no_anti_windup,232,struggling_novice,3,9,1,0,,
ablation_level_slew_limit,232,struggling_novice,3,9,1,0,,
static,234,struggling_novice,6,10,2,0,,
unconstrained_genui,234,struggling_novice,6,10,4,1,1,11
rule_based,234,struggling_novice,6,10,1,0,,
closed_loop,234,struggling_novice,6,10,2,1,1,9
ablation_no_derivative_filter,234,struggling_novice,6,10,2,1,1,9
ablation_no_anti_windup,234,struggling_novice,6,10,2,1,1,12
ablation_level_slew_limit,234,struggling_novice,6,10,2,1,1,9
static,235,struggling_novice,5,18,2,0,,
unconstrained_genui,235,struggling_novice,5,18,2,1,1,2
rule_based,235,struggling_novice,5,18,1,0,,
closed_loop,235,struggling_novice,5,18,1,0,,
ablation_no_derivative_filter,235,struggling_novice,5,18,1,0,,
ablation_no_anti_windup,235,struggling_novice,5,18,1,0,,
ablation_level_slew_limit,235,struggling_novice,5,18,1,0,,
static,236,struggling_novice,0,10,2,0,,
static,236,struggling_novice,21,25,2,0,,
static,236,struggling_novice,34,38,2,0,,
unconstrained_genui,236,struggling_novice,0,10,1,0,,
unconstrained_genui,236,struggling_novice,21,25,4,1,1,
unconstrained_genui,236,struggling_novice,34,38,1,0,,
rule_based,236,struggling_novice,0,10,1,0,,
rule_based,236,struggling_novice,21,25,1,0,,
rule_based,236,struggling_novice,34,38,1,0,,
closed_loop,236,struggling_novice,0,10,1,0,,
closed_loop,236,struggling_novice,21,25,2,1,1,
closed_loop,236,struggling_novice,34,38,1,0,,
ablation_no_derivative_filter,236,struggling_novice,0,10,1,0,,
ablation_no_derivative_filter,236,struggling_novice,21,25,2,1,1,
ablation_no_derivative_filter,236,struggling_novice,34,38,1,0,,
ablation_no_anti_windup,236,struggling_novice,0,10,1,0,,
ablation_no_anti_windup,236,struggling_novice,21,25,1,0,,
ablation_no_anti_windup,236,struggling_novice,34,38,1,0,,
ablation_level_slew_limit,236,struggling_novice,0,10,1,0,,
ablation_level_slew_limit,236,struggling_novice,21,25,2,1,1,
ablation_level_slew_limit,236,struggling_novice,34,38,1,0,,
static,237,struggling_novice,0,6,2,0,,
unconstrained_genui,237,struggling_novice,0,6,1,0,,
rule_based,237,struggling_novice,0,6,1,0,,
closed_loop,237,struggling_novice,0,6,1,0,,
ablation_no_derivative_filter,237,struggling_novice,0,6,1,0,,
ablation_no_anti_windup,237,struggling_novice,0,6,1,0,,
ablation_level_slew_limit,237,struggling_novice,0,6,1,0,,
static,238,struggling_novice,4,33,2,0,,
unconstrained_genui,238,struggling_novice,4,33,3,1,1,2
rule_based,238,struggling_novice,4,33,1,0,,
closed_loop,238,struggling_novice,4,33,1,0,,
ablation_no_derivative_filter,238,struggling_novice,4,33,2,1,1,3
ablation_no_anti_windup,238,struggling_novice,4,33,1,0,,
ablation_level_slew_limit,238,struggling_novice,4,33,1,0,,
static,240,struggling_novice,0,4,2,0,,
unconstrained_genui,240,struggling_novice,0,4,1,0,,
rule_based,240,struggling_novice,0,4,1,0,,
closed_loop,240,struggling_novice,0,4,1,0,,
ablation_no_derivative_filter,240,struggling_novice,0,4,1,0,,
ablation_no_anti_windup,240,struggling_novice,0,4,1,0,,
ablation_level_slew_limit,240,struggling_novice,0,4,1,0,,
static,241,struggling_novice,4,24,2,0,,
unconstrained_genui,241,struggling_novice,4,24,2,1,2,2
rule_based,241,struggling_novice,4,24,1,0,,
closed_loop,241,struggling_novice,4,24,1,0,,
ablation_no_derivative_filter,241,struggling_novice,4,24,1,0,,
ablation_no_anti_windup,241,struggling_novice,4,24,1,0,,
ablation_level_slew_limit,241,struggling_novice,4,24,1,0,,
static,242,struggling_novice,5,17,2,0,,
unconstrained_genui,242,struggling_novice,5,17,3,1,1,2
rule_based,242,struggling_novice,5,17,1,0,,
closed_loop,242,struggling_novice,5,17,2,1,1,5
ablation_no_derivative_filter,242,struggling_novice,5,17,2,1,1,4
ablation_no_anti_windup,242,struggling_novice,5,17,2,1,1,10
ablation_level_slew_limit,242,struggling_novice,5,17,2,1,1,5
static,243,struggling_novice,0,8,2,0,,
static,243,struggling_novice,10,15,2,0,,
static,243,struggling_novice,21,25,2,0,,
unconstrained_genui,243,struggling_novice,0,8,1,0,,
unconstrained_genui,243,struggling_novice,10,15,2,1,3,2
unconstrained_genui,243,struggling_novice,21,25,2,1,1,2
rule_based,243,struggling_novice,0,8,1,0,,
rule_based,243,struggling_novice,10,15,1,0,,
rule_based,243,struggling_novice,21,25,1,0,,
closed_loop,243,struggling_novice,0,8,1,0,,
closed_loop,243,struggling_novice,10,15,1,0,,
closed_loop,243,struggling_novice,21,25,1,0,,
ablation_no_derivative_filter,243,struggling_novice,0,8,1,0,,
ablation_no_derivative_filter,243,struggling_novice,10,15,1,0,,
ablation_no_derivative_filter,243,struggling_novice,21,25,1,0,,
ablation_no_anti_windup,243,struggling_novice,0,8,1,0,,
ablation_no_anti_windup,243,struggling_novice,10,15,1,0,,
ablation_no_anti_windup,243,struggling_novice,21,25,1,0,,
ablation_level_slew_limit,243,struggling_novice,0,8,1,0,,
ablation_level_slew_limit,243,struggling_novice,10,15,1,0,,
ablation_level_slew_limit,243,struggling_novice,21,25,1,0,,
static,246,struggling_novice,6,10,2,0,,
unconstrained_genui,246,struggling_novice,6,10,3,1,1,2
rule_based,246,struggling_novice,6,10,1,0,,
closed_loop,246,struggling_novice,6,10,1,0,,
ablation_no_derivative_filter,246,struggling_novice,6,10,2,1,1,3
ablation_no_anti_windup,246,struggling_novice,6,10,1,0,,
ablation_level_slew_limit,246,struggling_novice,6,10,1,0,,
static,247,struggling_novice,0,5,2,0,,
static,247,struggling_novice,11,16,2,0,,
unconstrained_genui,247,struggling_novice,0,5,1,0,,
unconstrained_genui,247,struggling_novice,11,16,2,1,1,2
rule_based,247,struggling_novice,0,5,1,0,,
rule_based,247,struggling_novice,11,16,1,0,,
closed_loop,247,struggling_novice,0,5,1,0,,
closed_loop,247,struggling_novice,11,16,1,0,,
ablation_no_derivative_filter,247,struggling_novice,0,5,1,0,,
ablation_no_derivative_filter,247,struggling_novice,11,16,1,0,,
ablation_no_anti_windup,247,struggling_novice,0,5,1,0,,
ablation_no_anti_windup,247,struggling_novice,11,16,1,0,,
ablation_level_slew_limit,247,struggling_novice,0,5,1,0,,
ablation_level_slew_limit,247,struggling_novice,11,16,1,0,,
static,248,struggling_novice,0,4,2,0,,
static,248,struggling_novice,11,18,2,0,,
unconstrained_genui,248,struggling_novice,0,4,1,0,,
unconstrained_genui,248,struggling_novice,11,18,3,1,1,3
rule_based,248,struggling_novice,0,4,1,0,,
rule_based,248,struggling_novice,11,18,1,0,,
closed_loop,248,struggling_novice,0,4,1,0,,
closed_loop,248,struggling_novice,11,18,1,0,,
ablation_no_derivative_filter,248,struggling_novice,0,4,1,0,,
ablation_no_derivative_filter,248,struggling_novice,11,18,1,0,,
ablation_no_anti_windup,248,struggling_novice,0,4,1,0,,
ablation_no_anti_windup,248,struggling_novice,11,18,1,0,,
ablation_level_slew_limit,248,struggling_novice,0,4,1,0,,
ablation_level_slew_limit,248,struggling_novice,11,18,1,0,,
static,252,struggling_novice,1,5,2,0,,
unconstrained_genui,252,struggling_novice,1,5,2,1,2,2
rule_based,252,struggling_novice,1,5,1,0,,
closed_loop,252,struggling_novice,1,5,1,0,,
ablation_no_derivative_filter,252,struggling_novice,1,5,2,1,1,3
ablation_no_anti_windup,252,struggling_novice,1,5,1,0,,
ablation_level_slew_limit,252,struggling_novice,1,5,1,0,,
static,253,struggling_novice,0,11,2,0,,
unconstrained_genui,253,struggling_novice,0,11,1,0,,
rule_based,253,struggling_novice,0,11,1,0,,
closed_loop,253,struggling_novice,0,11,1,0,,
ablation_no_derivative_filter,253,struggling_novice,0,11,1,0,,
ablation_no_anti_windup,253,struggling_novice,0,11,1,0,,
ablation_level_slew_limit,253,struggling_novice,0,11,1,0,,
static,254,struggling_novice,3,9,2,0,,
static,254,struggling_novice,11,25,2,0,,
unconstrained_genui,254,struggling_novice,3,9,3,1,1,24
unconstrained_genui,254,struggling_novice,11,25,2,1,1,2
rule_based,254,struggling_novice,3,9,1,0,,
rule_based,254,struggling_novice,11,25,1,0,,
closed_loop,254,struggling_novice,3,9,1,0,,
closed_loop,254,struggling_novice,11,25,1,0,,
ablation_no_derivative_filter,254,struggling_novice,3,9,1,0,,
ablation_no_derivative_filter,254,struggling_novice,11,25,1,0,,
ablation_no_anti_windup,254,struggling_novice,3,9,1,0,,
ablation_no_anti_windup,254,struggling_novice,11,25,1,0,,
ablation_level_slew_limit,254,struggling_novice,3,9,1,0,,
ablation_level_slew_limit,254,struggling_novice,11,25,1,0,,
static,256,struggling_novice,0,11,2,0,,
unconstrained_genui,256,struggling_novice,0,11,1,0,,
rule_based,256,struggling_novice,0,11,1,0,,
closed_loop,256,struggling_novice,0,11,1,0,,
ablation_no_derivative_filter,256,struggling_novice,0,11,1,0,,
ablation_no_anti_windup,256,struggling_novice,0,11,1,0,,
ablation_level_slew_limit,256,struggling_novice,0,11,1,0,,
static,257,struggling_novice,0,5,2,0,,
unconstrained_genui,257,struggling_novice,0,5,2,1,3,2
rule_based,257,struggling_novice,0,5,1,0,,
closed_loop,257,struggling_novice,0,5,1,0,,
ablation_no_derivative_filter,257,struggling_novice,0,5,1,0,,
ablation_no_anti_windup,257,struggling_novice,0,5,1,0,,
ablation_level_slew_limit,257,struggling_novice,0,5,1,0,,
static,258,struggling_novice,0,5,2,0,,
static,258,struggling_novice,7,13,2,0,,
unconstrained_genui,258,struggling_novice,0,5,1,0,,
unconstrained_genui,258,struggling_novice,7,13,2,1,1,2
rule_based,258,struggling_novice,0,5,1,0,,
rule_based,258,struggling_novice,7,13,1,0,,
closed_loop,258,struggling_novice,0,5,1,0,,
closed_loop,258,struggling_novice,7,13,1,0,,
ablation_no_derivative_filter,258,struggling_novice,0,5,1,0,,
ablation_no_derivative_filter,258,struggling_novice,7,13,1,0,,
ablation_no_anti_windup,258,struggling_novice,0,5,1,0,,
ablation_no_anti_windup,258,struggling_novice,7,13,1,0,,
ablation_level_slew_limit,258,struggling_novice,0,5,1,0,,
ablation_level_slew_limit,258,struggling_novice,7,13,1,0,,
static,259,struggling_novice,0,5,2,0,,
unconstrained_genui,259,struggling_novice,0,5,1,0,,
rule_based,259,struggling_novice,0,5,1,0,,
closed_loop,259,struggling_novice,0,5,1,0,,
ablation_no_derivative_filter,259,struggling_novice,0,5,1,0,,
ablation_no_anti_windup,259,struggling_novice,0,5,1,0,,
ablation_level_slew_limit,259,struggling_novice,0,5,1,0,,
static,262,struggling_novice,0,17,2,0,,
static,262,struggling_novice,22,28,2,0,,
unconstrained_genui,262,struggling_novice,0,17,1,0,,
unconstrained_genui,262,struggling_novice,22,28,2,1,2,4
rule_based,262,struggling_novice,0,17,1,0,,
rule_based,262,struggling_novice,22,28,1,0,,
closed_loop,262,struggling_novice,0,17,1,0,,
closed_loop,262,struggling_novice,22,28,1,0,,
ablation_no_derivative_filter,262,struggling_novice,0,17,1,0,,
ablation_no_derivative_filter,262,struggling_novice,22,28,1,0,,
ablation_no_anti_windup,262,struggling_novice,0,17,1,0,,
ablation_no_anti_windup,262,struggling_novice,22,28,1,0,,
ablation_level_slew_limit,262,struggling_novice,0,17,1,0,,
ablation_level_slew_limit,262,struggling_novice,22,28,1,0,,
static,263,struggling_novice,7,17,2,0,,
static,263,struggling_novice,22,29,2,0,,
unconstrained_genui,263,struggling_novice,7,17,4,1,3,5
unconstrained_genui,263,struggling_novice,22,29,4,1,1,3
rule_based,263,struggling_novice,7,17,2,1,2,16
rule_based,263,struggling_novice,22,29,1,0,,
closed_loop,263,struggling_novice,7,17,4,1,2,16
closed_loop,263,struggling_novice,22,29,1,0,,
ablation_no_derivative_filter,263,struggling_novice,7,17,4,1,1,16
ablation_no_derivative_filter,263,struggling_novice,22,29,1,0,,
ablation_no_anti_windup,263,struggling_novice,7,17,4,1,2,
ablation_no_anti_windup,263,struggling_novice,22,29,1,0,,
ablation_level_slew_limit,263,struggling_novice,7,17,4,1,2,17
ablation_level_slew_limit,263,struggling_novice,22,29,1,0,,
static,265,struggling_novice,4,8,2,0,,
unconstrained_genui,265,struggling_novice,4,8,4,1,1,11
rule_based,265,struggling_novice,4,8,2,1,2,12
closed_loop,265,struggling_novice,4,8,4,1,1,12
ablation_no_derivative_filter,265,struggling_novice,4,8,4,1,1,12
ablation_no_anti_windup,265,struggling_novice,4,8,4,1,1,16
ablation_level_slew_limit,265,struggling_novice,4,8,3,1,1,12
static,267,struggling_novice,7,22,2,0,,
static,267,struggling_novice,26,35,2,0,,
unconstrained_genui,267,struggling_novice,7,22,2,1,1,2
unconstrained_genui,267,struggling_novice,26,35,2,1,2,2
rule_based,267,struggling_novice,7,22,1,0,,
rule_based,267,struggling_novice,26,35,1,0,,
closed_loop,267,struggling_novice,7,22,1,0,,
closed_loop,267,struggling_novice,26,35,1,0,,
ablation_no_derivative_filter,267,struggling_novice,7,22,1,0,,
ablation_no_derivative_filter,267,struggling_novice,26,35,2,1,1,4
ablation_no_anti_windup,267,struggling_novice,7,22,1,0,,
ablation_no_anti_windup,267,struggling_novice,26,35,1,0,,
ablation_level_slew_limit,267,struggling_novice,7,22,1,0,,
ablation_level_slew_limit,267,struggling_novice,26,35,1,0,,
static,268,struggling_novice,0,6,2,0,,
static,268,struggling_novice,8,15,2,0,,
unconstrained_genui,268,struggling_novice,0,6,1,0,,
unconstrained_genui,268,struggling_novice,8,15,3,1,1,3
rule_based,268,struggling_novice,0,6,1,0,,
rule_based,268,struggling_novice,8,15,1,0,,
closed_loop,268,struggling_novice,0,6,1,0,,
closed_loop,268,struggling_novice,8,15,1,0,,
ablation_no_derivative_filter,268,struggling_novice,0,6,1,0,,
ablation_no_derivative_filter,268,struggling_novice,8,15,1,0,,
ablation_no_anti_windup,268,struggling_novice,0,6,1,0,,
ablation_no_anti_windup,268,struggling_novice,8,15,1,0,,
ablation_level_slew_limit,268,struggling_novice,0,6,1,0,,
ablation_level_slew_limit,268,struggling_novice,8,15,1,0,,
static,269,struggling_novice,0,6,2,0,,
static,269,struggling_novice,12,16,2,0,,
unconstrained_genui,269,struggling_novice,0,6,2,1,3,2
unconstrained_genui,269,struggling_novice,12,16,2,1,1,2
rule_based,269,struggling_novice,0,6,1,0,,
rule_based,269,struggling_novice,12,16,1,0,,
closed_loop,269,struggling_novice,0,6,1,0,,
closed_loop,269,struggling_novice,12,16,1,0,,
ablation_no_derivative_filter,269,struggling_novice,0,6,1,0,,
ablation_no_derivative_filter,269,struggling_novice,12,16,1,0,,
ablation_no_anti_windup,269,struggling_novice,0,6,1,0,,
ablation_no_anti_windup,269,struggling_novice,12,16,1,0,,
ablation_level_slew_limit,269,struggling_novice,0,6,1,0,,
ablation_level_slew_limit,269,struggling_novice,12,16,1,0,,
static,270,struggling_novice,0,6,2,0,,
static,270,struggling_novice,8,12,2,0,,
unconstrained_genui,270,struggling_novice,0,6,1,0,,
unconstrained_genui,270,struggling_novice,8,12,2,1,2,2
rule_based,270,struggling_novice,0,6,1,0,,
rule_based,270,struggling_novice,8,12,1,0,,
closed_loop,270,struggling_novice,0,6,1,0,,
closed_loop,270,struggling_novice,8,12,1,0,,
ablation_no_derivative_filter,270,struggling_novice,0,6,1,0,,
ablation_no_derivative_filter,270,struggling_novice,8,12,1,0,,
ablation_no_anti_windup,270,struggling_novice,0,6,1,0,,
ablation_no_anti_windup,270,struggling_novice,8,12,1,0,,
ablation_level_slew_limit,270,struggling_novice,0,6,1,0,,
ablation_level_slew_limit,270,struggling_novice,8,12,1,0,,
static,271,struggling_novice,3,8,2,0,,
unconstrained_genui,271,struggling_novice,3,8,2,1,1,2
rule_based,271,struggling_novice,3,8,1,0,,
closed_loop,271,struggling_novice,3,8,1,0,,
ablation_no_derivative_filter,271,struggling_novice,3,8,1,0,,
ablation_no_anti_windup,271,struggling_novice,3,8,1,0,,
ablation_level_slew_limit,271,struggling_novice,3,8,1,0,,
static,272,struggling_novice,16,25,2,0,,
static,272,struggling_novice,27,34,2,0,,
unconstrained_genui,272,struggling_novice,16,25,3,1,1,12
unconstrained_genui,272,struggling_novice,27,34,1,0,,
rule_based,272,struggling_novice,16,25,1,0,,
rule_based,272,struggling_novice,27,34,1,0,,
closed_loop,272,struggling_novice,16,25,2,1,1,12
closed_loop,272,struggling_novice,27,34,1,0,,
ablation_no_derivative_filter,272,struggling_novice,16,25,2,1,1,12
ablation_no_derivative_filter,272,struggling_novice,27,34,1,0,,
ablation_no_anti_windup,272,struggling_novice,16,25,1,0,,
ablation_no_anti_windup,272,struggling_novice,27,34,1,0,,
ablation_level_slew_limit,272,struggling_novice,16,25,2,1,1,12
ablation_level_slew_limit,272,struggling_novice,27,34,1,0,,
static,273,struggling_novice,3,9,2,0,,
static,273,struggling_novice,11,18,2,0,,
static,273,struggling_novice,20,25,2,0,,
static,273,struggling_novice,34,39,2,0,,
unconstrained_genui,273,struggling_novice,3,9,3,1,1,11
unconstrained_genui,273,struggling_novice,11,18,2,1,1,2
unconstrained_genui,273,struggling_novice,20,25,3,1,1,3
unconstrained_genui,273,struggling_novice,34,39,4,1,1,
rule_based,273,struggling_novice,3,9,1,0,,
rule_based,273,struggling_novice,11,18,1,0,,
rule_based,273,struggling_novice,20,25,1,0,,
rule_based,273,struggling_novice,34,39,1,0,,
closed_loop,273,struggling_novice,3,9,1,0,,
closed_loop,273,struggling_novice,11,18,1,0,,
closed_loop,273,struggling_novice,20,25,1,0,,
closed_loop,273,struggling_novice,34,39,2,1,1,
ablation_no_derivative_filter,273,struggling_novice,3,9,1,0,,
ablation_no_derivative_filter,273,struggling_novice,11,18,1,0,,
ablation_no_derivative_filter,273,struggling_novice,20,25,1,0,,
ablation_no_derivative_filter,273,struggling_novice,34,39,2,1,1,
ablation_no_anti_windup,273,struggling_novice,3,9,1,0,,
ablation_no_anti_windup,273,struggling_novice,11,18,1,0,,
ablation_no_anti_windup,273,struggling_novice,20,25,1,0,,
ablation_no_anti_windup,273,struggling_novice,34,39,1,0,,
ablation_level_slew_limit,273,struggling_novice,3,9,1,0,,
ablation_level_slew_limit,273,struggling_novice,11,18,1,0,,
ablation_level_slew_limit,273,struggling_novice,20,25,1,0,,
ablation_level_slew_limit,273,struggling_novice,34,39,2,1,1,
static,274,struggling_novice,0,6,2,0,,
static,274,struggling_novice,14,18,2,0,,
static,274,struggling_novice,22,33,2,0,,
unconstrained_genui,274,struggling_novice,0,6,1,0,,
unconstrained_genui,274,struggling_novice,14,18,1,0,,
unconstrained_genui,274,struggling_novice,22,33,4,1,1,
rule_based,274,struggling_novice,0,6,1,0,,
rule_based,274,struggling_novice,14,18,1,0,,
rule_based,274,struggling_novice,22,33,2,1,2,
closed_loop,274,struggling_novice,0,6,1,0,,
closed_loop,274,struggling_novice,14,18,1,0,,
closed_loop,274,struggling_novice,22,33,4,1,1,
ablation_no_derivative_filter,274,struggling_novice,0,6,1,0,,
ablation_no_derivative_filter,274,struggling_novice,14,18,1,0,,
ablation_no_derivative_filter,274,struggling_novice,22,33,4,1,1,
ablation_no_anti_windup,274,struggling_novice,0,6,1,0,,
ablation_no_anti_windup,274,struggling_novice,14,18,1,0,,
ablation_no_anti_windup,274,struggling_novice,22,33,2,1,1,
ablation_level_slew_limit,274,struggling_novice,0,6,1,0,,
ablation_level_slew_limit,274,struggling_novice,14,18,1,0,,
ablation_level_slew_limit,274,struggling_novice,22,33,3,1,1,
static,275,struggling_novice,0,9,2,0,,
static,275,struggling_novice,16,20,2,0,,
static,275,struggling_novice,22,29,2,0,,
static,275,struggling_novice,31,35,2,0,,
unconstrained_genui,275,struggling_novice,0,9,1,0,,
unconstrained_genui,275,struggling_novice,16,20,3,1,1,2
unconstrained_genui,275,struggling_novice,22,29,3,1,1,2
unconstrained_genui,275,struggling_novice,31,35,3,1,1,2
rule_based,275,struggling_novice,0,9,1,0,,
rule_based,275,struggling_novice,16,20,1,0,,
rule_based,275,struggling_novice,22,29,1,0,,
rule_based,275,struggling_novice,31,35,1,0,,
closed_loop,275,struggling_novice,0,9,1,0,,
closed_loop,275,struggling_novice,16,20,1,0,,
closed_loop,275,struggling_novice,22,29,1,0,,
closed_loop,275,struggling_novice,31,35,1,0,,
ablation_no_derivative_filter,275,struggling_novice,0,9,1,0,,
ablation_no_derivative_filter,275,struggling_novice,16,20,2,1,1,18
ablation_no_derivative_filter,275,struggling_novice,22,29,1,0,,
ablation_no_derivative_filter,275,struggling_novice,31,35,1,0,,
ablation_no_anti_windup,275,struggling_novice,0,9,1,0,,
ablation_no_anti_windup,275,struggling_novice,16,20,1,0,,
ablation_no_anti_windup,275,struggling_novice,22,29,1,0,,
ablation_no_anti_windup,275,struggling_novice,31,35,1,0,,
ablation_level_slew_limit,275,struggling_novice,0,9,1,0,,
ablation_level_slew_limit,275,struggling_novice,16,20,1,0,,
ablation_level_slew_limit,275,struggling_novice,22,29,1,0,,
ablation_level_slew_limit,275,struggling_novice,31,35,1,0,,
static,276,struggling_novice,6,14,2,0,,
static,276,struggling_novice,16,22,2,0,,
static,276,struggling_novice,25,29,2,0,,
unconstrained_genui,276,struggling_novice,6,14,2,1,2,2
unconstrained_genui,276,struggling_novice,16,22,2,1,2,2
unconstrained_genui,276,struggling_novice,25,29,3,1,1,2
rule_based,276,struggling_novice,6,14,1,0,,
rule_based,276,struggling_novice,16,22,1,0,,
rule_based,276,struggling_novice,25,29,1,0,,
closed_loop,276,struggling_novice,6,14,1,0,,
closed_loop,276,struggling_novice,16,22,1,0,,
closed_loop,276,struggling_novice,25,29,2,1,1,3
ablation_no_derivative_filter,276,struggling_novice,6,14,1,0,,
ablation_no_derivative_filter,276,struggling_novice,16,22,1,0,,
ablation_no_derivative_filter,276,struggling_novice,25,29,2,1,1,3
ablation_no_anti_windup,276,struggling_novice,6,14,1,0,,
ablation_no_anti_windup,276,struggling_novice,16,22,1,0,,
ablation_no_anti_windup,276,struggling_novice,25,29,1,0,,
ablation_level_slew_limit,276,struggling_novice,6,14,1,0,,
ablation_level_slew_limit,276,struggling_novice,16,22,1,0,,
ablation_level_slew_limit,276,struggling_novice,25,29,2,1,1,3
static,278,struggling_novice,5,10,2,0,,
static,278,struggling_novice,20,34,2,0,,
unconstrained_genui,278,struggling_novice,5,10,2,1,2,2
unconstrained_genui,278,struggling_novice,20,34,3,1,1,2
rule_based,278,struggling_novice,5,10,1,0,,
rule_based,278,struggling_novice,20,34,1,0,,
closed_loop,278,struggling_novice,5,10,1,0,,
closed_loop,278,struggling_novice,20,34,1,0,,
ablation_no_derivative_filter,278,struggling_novice,5,10,1,0,,
ablation_no_derivative_filter,278,struggling_novice,20,34,1,0,,
ablation_no_anti_windup,278,struggling_novice,5,10,1,0,,
ablation_no_anti_windup,278,struggling_novice,20,34,1,0,,
ablation_level_slew_limit,278,struggling_novice,5,10,1,0,,
ablation_level_slew_limit,278,struggling_novice,20,34,1,0,,
static,279,struggling_novice,2,7,2,0,,
static,279,struggling_novice,9,39,2,0,,
unconstrained_genui,279,struggling_novice,2,7,1,0,,
unconstrained_genui,279,struggling_novice,9,39,2,1,1,
rule_based,279,struggling_novice,2,7,1,0,,
rule_based,279,struggling_novice,9,39,1,0,,
closed_loop,279,struggling_novice,2,7,1,0,,
closed_loop,279,struggling_novice,9,39,1,0,,
ablation_no_derivative_filter,279,struggling_novice,2,7,1,0,,
ablation_no_derivative_filter,279,struggling_novice,9,39,1,0,,
ablation_no_anti_windup,279,struggling_novice,2,7,1,0,,
ablation_no_anti_windup,279,struggling_novice,9,39,1,0,,
ablation_level_slew_limit,279,struggling_novice,2,7,1,0,,
ablation_level_slew_limit,279,struggling_novice,9,39,1,0,,
static,280,struggling_novice,3,8,2,0,,
unconstrained_genui,280,struggling_novice,3,8,3,1,1,4
rule_based,280,struggling_novice,3,8,1,0,,
closed_loop,280,struggling_novice,3,8,1,0,,
ablation_no_derivative_filter,280,struggling_novice,3,8,1,0,,
ablation_no_anti_windup,280,struggling_novice,3,8,1,0,,
ablation_level_slew_limit,280,struggling_novice,3,8,1,0,,
static,281,struggling_novice,1,13,2,0,,
static,281,struggling_novice,15,30,2,0,,
unconstrained_genui,281,struggling_novice,1,13,3,1,1,2
unconstrained_genui,281,struggling_novice,15,30,3,1,1,2
rule_based,281,struggling_novice,1,13,1,0,,
rule_based,281,struggling_novice,15,30,1,0,,
closed_loop,281,struggling_novice,1,13,1,0,,
closed_loop,281,struggling_novice,15,30,1,0,,
ablation_no_derivative_filter,281,struggling_novice,1,13,2,1,1,21
ablation_no_derivative_filter,281,struggling_novice,15,30,1,0,,
ablation_no_anti_windup,281,struggling_novice,1,13,1,0,,
ablation_no_anti_windup,281,struggling_novice,15,30,1,0,,
ablation_level_slew_limit,281,struggling_novice,1,13,1,0,,
ablation_level_slew_limit,281,struggling_novice,15,30,1,0,,
static,283,struggling_novice,0,20,2,0,,
static,283,struggling_novice,22,30,2,0,,
unconstrained_genui,283,struggling_novice,0,20,2,1,1,2
unconstrained_genui,283,struggling_novice,22,30,3,1,1,2
rule_based,283,struggling_novice,0,20,1,0,,
rule_based,283,struggling_novice,22,30,1,0,,
closed_loop,283,struggling_novice,0,20,1,0,,
closed_loop,283,struggling_novice,22,30,1,0,,
ablation_no_derivative_filter,283,struggling_novice,0,20,1,0,,
ablation_no_derivative_filter,283,struggling_novice,22,30,1,0,,
ablation_no_anti_windup,283,struggling_novice,0,20,1,0,,
ablation_no_anti_windup,283,struggling_novice,22,30,1,0,,
ablation_level_slew_limit,283,struggling_novice,0,20,1,0,,
ablation_level_slew_limit,283,struggling_novice,22,30,1,0,,
static,284,struggling_novice,0,6,2,0,,
unconstrained_genui,284,struggling_novice,0,6,2,1,1,2
rule_based,284,struggling_novice,0,6,1,0,,
closed_loop,284,struggling_novice,0,6,1,0,,
ablation_no_derivative_filter,284,struggling_novice,0,6,1,0,,
ablation_no_anti_windup,284,struggling_novice,0,6,1,0,,
ablation_level_slew_limit,284,struggling_novice,0,6,1,0,,
static,286,struggling_novice,4,13,2,0,,
unconstrained_genui,286,struggling_novice,4,13,3,1,1,2
rule_based,286,struggling_novice,4,13,1,0,,
closed_loop,286,struggling_novice,4,13,1,0,,
ablation_no_derivative_filter,286,struggling_novice,4,13,1,0,,
ablation_no_anti_windup,286,struggling_novice,4,13,1,0,,
ablation_level_slew_limit,286,struggling_novice,4,13,1,0,,
static,287,struggling_novice,3,8,2,0,,
unconstrained_genui,287,struggling_novice,3,8,2,1,1,2
rule_based,287,struggling_novice,3,8,1,0,,
closed_loop,287,struggling_novice,3,8,1,0,,
ablation_no_derivative_filter,287,struggling_novice,3,8,1,0,,
ablation_no_anti_windup,287,struggling_novice,3,8,1,0,,
ablation_level_slew_limit,287,struggling_novice,3,8,1,0,,
static,288,struggling_novice,0,4,2,0,,
static,288,struggling_novice,21,26,2,0,,
unconstrained_genui,288,struggling_novice,0,4,1,0,,
unconstrained_genui,288,struggling_novice,21,26,4,1,4,2
rule_based,288,struggling_novice,0,4,1,0,,
rule_based,288,struggling_novice,21,26,4,1,2,
closed_loop,288,struggling_novice,0,4,1,0,,
closed_loop,288,struggling_novice,21,26,4,1,6,2
ablation_no_derivative_filter,288,struggling_novice,0,4,1,0,,
ablation_no_derivative_filter,288,struggling_novice,21,26,4,1,6,2
ablation_no_anti_windup,288,struggling_novice,0,4,1,0,,
ablation_no_anti_windup,288,struggling_novice,21,26,4,0,8,
ablation_level_slew_limit,288,struggling_novice,0,4,1,0,,
ablation_level_slew_limit,288,struggling_novice,21,26,4,1,6,2
static,289,struggling_novice,0,8,2,0,,
static,289,struggling_novice,31,35,2,0,,
unconstrained_genui,289,struggling_novice,0,8,1,0,,
unconstrained_genui,289,struggling_novice,31,35,4,1,2,3
rule_based,289,struggling_novice,0,8,1,0,,
rule_based,289,struggling_novice,31,35,1,0,,
closed_loop,289,struggling_novice,0,8,1,0,,
closed_loop,289,struggling_novice,31,35,4,1,1,4
ablation_no_derivative_filter,289,struggling_novice,0,8,1,0,,
ablation_no_derivative_filter,289,struggling_novice,31,35,4,1,1,4
ablation_no_anti_windup,289,struggling_novice,0,8,1,0,,
ablation_no_anti_windup,289,struggling_novice,31,35,3,1,1,
ablation_level_slew_limit,289,struggling_novice,0,8,1,0,,
ablation_level_slew_limit,289,struggling_novice,31,35,4,1,1,
static,290,struggling_novice,3,11,2,0,,
unconstrained_genui,290,struggling_novice,3,11,3,1,1,6
rule_based,290,struggling_novice,3,11,1,0,,
closed_loop,290,struggling_novice,3,11,1,0,,
ablation_no_derivative_filter,290,struggling_novice,3,11,1,0,,
ablation_no_anti_windup,290,struggling_novice,3,11,1,0,,
ablation_level_slew_limit,290,struggling_novice,3,11,1,0,,
static,291,struggling_novice,0,8,2,0,,
static,291,struggling_novice,10,14,2,0,,
static,291,struggling_novice,16,24,2,0,,
unconstrained_genui,291,struggling_novice,0,8,2,1,1,2
unconstrained_genui,291,struggling_novice,10,14,2,1,1,2
unconstrained_genui,291,struggling_novice,16,24,3,1,1,2
rule_based,291,struggling_novice,0,8,1,0,,
rule_based,291,struggling_novice,10,14,1,0,,
rule_based,291,struggling_novice,16,24,1,0,,
closed_loop,291,struggling_novice,0,8,1,0,,
closed_loop,291,struggling_novice,10,14,1,0,,
closed_loop,291,struggling_novice,16,24,1,0,,
ablation_no_derivative_filter,291,struggling_novice,0,8,1,0,,
ablation_no_derivative_filter,291,struggling_novice,10,14,1,0,,
ablation_no_derivative_filter,291,struggling_novice,16,24,1,0,,
ablation_no_anti_windup,291,struggling_novice,0,8,1,0,,
ablation_no_anti_windup,291,struggling_novice,10,14,1,0,,
ablation_no_anti_windup,291,struggling_novice,16,24,1,0,,
ablation_level_slew_limit,291,struggling_novice,0,8,1,0,,
ablation_level_slew_limit,291,struggling_novice,10,14,1,0,,
ablation_level_slew_limit,291,struggling_novice,16,24,1,0,,
static,292,struggling_novice,2,9,2,0,,
unconstrained_genui,292,struggling_novice,2,9,4,1,1,3
rule_based,292,struggling_novice,2,9,1,0,,
closed_loop,292,struggling_novice,2,9,2,1,1,3
ablation_no_derivative_filter,292,struggling_novice,2,9,2,1,1,3
ablation_no_anti_windup,292,struggling_novice,2,9,2,1,1,6
ablation_level_slew_limit,292,struggling_novice,2,9,2,1,1,3
static,293,struggling_novice,0,4,2,0,,
static,293,struggling_novice,6,11,2,0,,
static,293,struggling_novice,13,17,2,0,,
unconstrained_genui,293,struggling_novice,0,4,1,0,,
unconstrained_genui,293,struggling_novice,6,11,2,1,1,2
unconstrained_genui,293,struggling_novice,13,17,3,1,1,2
rule_based,293,struggling_novice,0,4,1,0,,
rule_based,293,struggling_novice,6,11,1,0,,
rule_based,293,struggling_novice,13,17,1,0,,
closed_loop,293,struggling_novice,0,4,1,0,,
closed_loop,293,struggling_novice,6,11,1,0,,
closed_loop,293,struggling_novice,13,17,1,0,,
ablation_no_derivative_filter,293,struggling_novice,0,4,1,0,,
ablation_no_derivative_filter,293,struggling_novice,6,11,1,0,,
ablation_no_derivative_filter,293,struggling_novice,13,17,1,0,,
ablation_no_anti_windup,293,struggling_novice,0,4,1,0,,
ablation_no_anti_windup,293,struggling_novice,6,11,1,0,,
ablation_no_anti_windup,293,struggling_novice,13,17,1,0,,
ablation_level_slew_limit,293,struggling_novice,0,4,1,0,,
ablation_level_slew_limit,293,struggling_novice,6,11,1,0,,
ablation_level_slew_limit,293,struggling_novice,13,17,1,0,,
static,295,struggling_novice,8,14,2,0,,
unconstrained_genui,295,struggling_novice,8,14,2,1,1,2
rule_based,295,struggling_novice,8,14,1,0,,
closed_loop,295,struggling_novice,8,14,1,0,,
ablation_no_derivative_filter,295,struggling_novice,8,14,1,0,,
ablation_no_anti_windup,295,struggling_novice,8,14,1,0,,
ablation_level_slew_limit,295,struggling_novice,8,14,1,0,,
static,297,struggling_novice,10,17,2,0,,
unconstrained_genui,297,struggling_novice,10,17,2,1,2,2
rule_based,297,struggling_novice,10,17,1,0,,
closed_loop,297,struggling_novice,10,17,1,0,,
ablation_no_derivative_filter,297,struggling_novice,10,17,1,0,,
ablation_no_anti_windup,297,struggling_novice,10,17,1,0,,
ablation_level_slew_limit,297,struggling_novice,10,17,1,0,,
static,298,struggling_novice,0,13,2,0,,
unconstrained_genui,298,struggling_novice,0,13,2,1,1,2
rule_based,298,struggling_novice,0,13,1,0,,
closed_loop,298,struggling_novice,0,13,1,0,,
ablation_no_derivative_filter,298,struggling_novice,0,13,1,0,,
ablation_no_anti_windup,298,struggling_novice,0,13,1,0,,
ablation_level_slew_limit,298,struggling_novice,0,13,1,0,,
static,299,struggling_novice,6,12,2,0,,
static,299,struggling_novice,14,19,2,0,,
static,299,struggling_novice,24,29,2,0,,
unconstrained_genui,299,struggling_novice,6,12,2,1,2,2
unconstrained_genui,299,struggling_novice,14,19,2,1,1,2
unconstrained_genui,299,struggling_novice,24,29,2,1,2,2
rule_based,299,struggling_novice,6,12,1,0,,
rule_based,299,struggling_novice,14,19,1,0,,
rule_based,299,struggling_novice,24,29,1,0,,
closed_loop,299,struggling_novice,6,12,1,0,,
closed_loop,299,struggling_novice,14,19,1,0,,
closed_loop,299,struggling_novice,24,29,1,0,,
ablation_no_derivative_filter,299,struggling_novice,6,12,1,0,,
ablation_no_derivative_filter,299,struggling_novice,14,19,1,0,,
ablation_no_derivative_filter,299,struggling_novice,24,29,1,0,,
ablation_no_anti_windup,299,struggling_novice,6,12,1,0,,
ablation_no_anti_windup,299,struggling_novice,14,19,1,0,,
ablation_no_anti_windup,299,struggling_novice,24,29,1,0,,
ablation_level_slew_limit,299,struggling_novice,6,12,1,0,,
ablation_level_slew_limit,299,struggling_novice,14,19,1,0,,
ablation_level_slew_limit,299,struggling_novice,24,29,1,0,,
static,302,inconsistent_guesser,6,10,2,0,,
unconstrained_genui,302,inconsistent_guesser,6,10,3,1,1,5
rule_based,302,inconsistent_guesser,6,10,1,0,,
closed_loop,302,inconsistent_guesser,6,10,1,0,,
ablation_no_derivative_filter,302,inconsistent_guesser,6,10,1,0,,
ablation_no_anti_windup,302,inconsistent_guesser,6,10,1,0,,
ablation_level_slew_limit,302,inconsistent_guesser,6,10,1,0,,
static,310,inconsistent_guesser,0,5,2,0,,
unconstrained_genui,310,inconsistent_guesser,0,5,1,0,,
rule_based,310,inconsistent_guesser,0,5,1,0,,
closed_loop,310,inconsistent_guesser,0,5,1,0,,
ablation_no_derivative_filter,310,inconsistent_guesser,0,5,1,0,,
ablation_no_anti_windup,310,inconsistent_guesser,0,5,1,0,,
ablation_level_slew_limit,310,inconsistent_guesser,0,5,1,0,,
static,313,inconsistent_guesser,0,7,2,0,,
unconstrained_genui,313,inconsistent_guesser,0,7,1,0,,
rule_based,313,inconsistent_guesser,0,7,1,0,,
closed_loop,313,inconsistent_guesser,0,7,1,0,,
ablation_no_derivative_filter,313,inconsistent_guesser,0,7,1,0,,
ablation_no_anti_windup,313,inconsistent_guesser,0,7,1,0,,
ablation_level_slew_limit,313,inconsistent_guesser,0,7,1,0,,
static,316,inconsistent_guesser,0,7,2,0,,
unconstrained_genui,316,inconsistent_guesser,0,7,1,0,,
rule_based,316,inconsistent_guesser,0,7,1,0,,
closed_loop,316,inconsistent_guesser,0,7,1,0,,
ablation_no_derivative_filter,316,inconsistent_guesser,0,7,1,0,,
ablation_no_anti_windup,316,inconsistent_guesser,0,7,1,0,,
ablation_level_slew_limit,316,inconsistent_guesser,0,7,1,0,,
static,318,inconsistent_guesser,0,7,2,0,,
unconstrained_genui,318,inconsistent_guesser,0,7,2,1,1,4
rule_based,318,inconsistent_guesser,0,7,1,0,,
closed_loop,318,inconsistent_guesser,0,7,1,0,,
ablation_no_derivative_filter,318,inconsistent_guesser,0,7,1,0,,
ablation_no_anti_windup,318,inconsistent_guesser,0,7,1,0,,
ablation_level_slew_limit,318,inconsistent_guesser,0,7,1,0,,
static,328,inconsistent_guesser,29,36,2,0,,
unconstrained_genui,328,inconsistent_guesser,29,36,2,1,1,2
rule_based,328,inconsistent_guesser,29,36,1,0,,
closed_loop,328,inconsistent_guesser,29,36,1,0,,
ablation_no_derivative_filter,328,inconsistent_guesser,29,36,1,0,,
ablation_no_anti_windup,328,inconsistent_guesser,29,36,1,0,,
ablation_level_slew_limit,328,inconsistent_guesser,29,36,1,0,,
static,329,inconsistent_guesser,0,7,2,0,,
static,329,inconsistent_guesser,11,15,2,0,,
unconstrained_genui,329,inconsistent_guesser,0,7,2,1,1,2
unconstrained_genui,329,inconsistent_guesser,11,15,4,1,1,3
rule_based,329,inconsistent_guesser,0,7,1,0,,
rule_based,329,inconsistent_guesser,11,15,1,0,,
closed_loop,329,inconsistent_guesser,0,7,1,0,,
closed_loop,329,inconsistent_guesser,11,15,1,0,,
ablation_no_derivative_filter,329,inconsistent_guesser,0,7,1,0,,
ablation_no_derivative_filter,329,inconsistent_guesser,11,15,2,1,1,3
ablation_no_anti_windup,329,inconsistent_guesser,0,7,1,0,,
ablation_no_anti_windup,329,inconsistent_guesser,11,15,1,0,,
ablation_level_slew_limit,329,inconsistent_guesser,0,7,1,0,,
ablation_level_slew_limit,329,inconsistent_guesser,11,15,1,0,,
static,330,inconsistent_guesser,1,5,2,0,,
unconstrained_genui,330,inconsistent_guesser,1,5,2,1,2,2
rule_based,330,inconsistent_guesser,1,5,1,0,,
closed_loop,330,inconsistent_guesser,1,5,1,0,,
ablation_no_derivative_filter,330,inconsistent_guesser,1,5,2,1,1,4
ablation_no_anti_windup,330,inconsistent_guesser,1,5,1,0,,
ablation_level_slew_limit,330,inconsistent_guesser,1,5,1,0,,
static,333,inconsistent_guesser,0,4,2,0,,
static,333,inconsistent_guesser,10,14,2,0,,
unconstrained_genui,333,inconsistent_guesser,0,4,2,1,1,2
unconstrained_genui,333,inconsistent_guesser,10,14,3,1,1,4
rule_based,333,inconsistent_guesser,0,4,1,0,,
rule_based,333,inconsistent_guesser,10,14,1,0,,
closed_loop,333,inconsistent_guesser,0,4,1,0,,
closed_loop,333,inconsistent_guesser,10,14,1,0,,
ablation_no_derivative_filter,333,inconsistent_guesser,0,4,1,0,,
ablation_no_derivative_filter,333,inconsistent_guesser,10,14,1,0,,
ablation_no_anti_windup,333,inconsistent_guesser,0,4,1,0,,
ablation_no_anti_windup,333,inconsistent_guesser,10,14,1,0,,
ablation_level_slew_limit,333,inconsistent_guesser,0,4,1,0,,
ablation_level_slew_limit,333,inconsistent_guesser,10,14,1,0,,
static,336,inconsistent_guesser,4,8,2,0,,
static,336,inconsistent_guesser,12,16,2,0,,
unconstrained_genui,336,inconsistent_guesser,4,8,3,1,1,2
unconstrained_genui,336,inconsistent_guesser,12,16,3,1,1,2
rule_based,336,inconsistent_guesser,4,8,1,0,,
rule_based,336,inconsistent_guesser,12,16,1,0,,
closed_loop,336,inconsistent_guesser,4,8,1,0,,
closed_loop,336,inconsistent_guesser,12,16,1,0,,
ablation_no_derivative_filter,336,inconsistent_guesser,4,8,2,1,1,4
ablation_no_derivative_filter,336,inconsistent_guesser,12,16,2,1,1,3
ablation_no_anti_windup,336,inconsistent_guesser,4,8,1,0,,
ablation_no_anti_windup,336,inconsistent_guesser,12,16,1,0,,
ablation_level_slew_limit,336,inconsistent_guesser,4,8,1,0,,
ablation_level_slew_limit,336,inconsistent_guesser,12,16,1,0,,
static,337,inconsistent_guesser,0,4,2,0,,
unconstrained_genui,337,inconsistent_guesser,0,4,1,0,,
rule_based,337,inconsistent_guesser,0,4,1,0,,
closed_loop,337,inconsistent_guesser,0,4,1,0,,
ablation_no_derivative_filter,337,inconsistent_guesser,0,4,1,0,,
ablation_no_anti_windup,337,inconsistent_guesser,0,4,1,0,,
ablation_level_slew_limit,337,inconsistent_guesser,0,4,1,0,,
static,339,inconsistent_guesser,4,8,2,0,,
unconstrained_genui,339,inconsistent_guesser,4,8,2,1,1,2
rule_based,339,inconsistent_guesser,4,8,1,0,,
closed_loop,339,inconsistent_guesser,4,8,1,0,,
ablation_no_derivative_filter,339,inconsistent_guesser,4,8,1,0,,
ablation_no_anti_windup,339,inconsistent_guesser,4,8,1,0,,
ablation_level_slew_limit,339,inconsistent_guesser,4,8,1,0,,
static,341,inconsistent_guesser,12,17,2,0,,
unconstrained_genui,341,inconsistent_guesser,12,17,3,1,1,4
rule_based,341,inconsistent_guesser,12,17,1,0,,
closed_loop,341,inconsistent_guesser,12,17,1,0,,
ablation_no_derivative_filter,341,inconsistent_guesser,12,17,1,0,,
ablation_no_anti_windup,341,inconsistent_guesser,12,17,1,0,,
ablation_level_slew_limit,341,inconsistent_guesser,12,17,1,0,,
static,342,inconsistent_guesser,0,4,2,0,,
unconstrained_genui,342,inconsistent_guesser,0,4,1,0,,
rule_based,342,inconsistent_guesser,0,4,1,0,,
closed_loop,342,inconsistent_guesser,0,4,1,0,,
ablation_no_derivative_filter,342,inconsistent_guesser,0,4,1,0,,
ablation_no_anti_windup,342,inconsistent_guesser,0,4,1,0,,
ablation_level_slew_limit,342,inconsistent_guesser,0,4,1,0,,
static,348,inconsistent_guesser,2,6,2,0,,
unconstrained_genui,348,inconsistent_guesser,2,6,2,1,1,2
rule_based,348,inconsistent_guesser,2,6,1,0,,
closed_loop,348,inconsistent_guesser,2,6,1,0,,
ablation_no_derivative_filter,348,inconsistent_guesser,2,6,1,0,,
ablation_no_anti_windup,348,inconsistent_guesser,2,6,1,0,,
ablation_level_slew_limit,348,inconsistent_guesser,2,6,1,0,,
static,365,inconsistent_guesser,4,14,2,0,,
unconstrained_genui,365,inconsistent_guesser,4,14,2,1,1,2
rule_based,365,inconsistent_guesser,4,14,1,0,,
closed_loop,365,inconsistent_guesser,4,14,1,0,,
ablation_no_derivative_filter,365,inconsistent_guesser,4,14,1,0,,
ablation_no_anti_windup,365,inconsistent_guesser,4,14,1,0,,
ablation_level_slew_limit,365,inconsistent_guesser,4,14,1,0,,
static,368,inconsistent_guesser,0,9,2,0,,
unconstrained_genui,368,inconsistent_guesser,0,9,2,1,1,2
rule_based,368,inconsistent_guesser,0,9,1,0,,
closed_loop,368,inconsistent_guesser,0,9,1,0,,
ablation_no_derivative_filter,368,inconsistent_guesser,0,9,1,0,,
ablation_no_anti_windup,368,inconsistent_guesser,0,9,1,0,,
ablation_level_slew_limit,368,inconsistent_guesser,0,9,1,0,,
static,369,inconsistent_guesser,6,14,2,0,,
static,369,inconsistent_guesser,24,28,2,0,,
unconstrained_genui,369,inconsistent_guesser,6,14,2,1,1,2
unconstrained_genui,369,inconsistent_guesser,24,28,3,1,1,2
rule_based,369,inconsistent_guesser,6,14,1,0,,
rule_based,369,inconsistent_guesser,24,28,1,0,,
closed_loop,369,inconsistent_guesser,6,14,1,0,,
closed_loop,369,inconsistent_guesser,24,28,1,0,,
ablation_no_derivative_filter,369,inconsistent_guesser,6,14,1,0,,
ablation_no_derivative_filter,369,inconsistent_guesser,24,28,2,1,1,3
ablation_no_anti_windup,369,inconsistent_guesser,6,14,1,0,,
ablation_no_anti_windup,369,inconsistent_guesser,24,28,1,0,,
ablation_level_slew_limit,369,inconsistent_guesser,6,14,1,0,,
ablation_level_slew_limit,369,inconsistent_guesser,24,28,1,0,,
static,372,inconsistent_guesser,0,7,2,0,,
unconstrained_genui,372,inconsistent_guesser,0,7,1,0,,
rule_based,372,inconsistent_guesser,0,7,1,0,,
closed_loop,372,inconsistent_guesser,0,7,1,0,,
ablation_no_derivative_filter,372,inconsistent_guesser,0,7,1,0,,
ablation_no_anti_windup,372,inconsistent_guesser,0,7,1,0,,
ablation_level_slew_limit,372,inconsistent_guesser,0,7,1,0,,
static,374,inconsistent_guesser,2,8,2,0,,
unconstrained_genui,374,inconsistent_guesser,2,8,2,1,1,2
rule_based,374,inconsistent_guesser,2,8,1,0,,
closed_loop,374,inconsistent_guesser,2,8,1,0,,
ablation_no_derivative_filter,374,inconsistent_guesser,2,8,1,0,,
ablation_no_anti_windup,374,inconsistent_guesser,2,8,1,0,,
ablation_level_slew_limit,374,inconsistent_guesser,2,8,1,0,,
static,375,inconsistent_guesser,13,18,2,0,,
unconstrained_genui,375,inconsistent_guesser,13,18,4,1,3,2
rule_based,375,inconsistent_guesser,13,18,2,1,2,10
closed_loop,375,inconsistent_guesser,13,18,4,1,3,6
ablation_no_derivative_filter,375,inconsistent_guesser,13,18,4,1,3,6
ablation_no_anti_windup,375,inconsistent_guesser,13,18,4,1,2,9
ablation_level_slew_limit,375,inconsistent_guesser,13,18,4,1,3,9
static,376,inconsistent_guesser,1,5,2,0,,
unconstrained_genui,376,inconsistent_guesser,1,5,1,0,,
rule_based,376,inconsistent_guesser,1,5,1,0,,
closed_loop,376,inconsistent_guesser,1,5,1,0,,
ablation_no_derivative_filter,376,inconsistent_guesser,1,5,2,1,1,3
ablation_no_anti_windup,376,inconsistent_guesser,1,5,1,0,,
ablation_level_slew_limit,376,inconsistent_guesser,1,5,1,0,,
static,385,inconsistent_guesser,0,4,2,0,,
unconstrained_genui,385,inconsistent_guesser,0,4,2,1,2,2
rule_based,385,inconsistent_guesser,0,4,1,0,,
closed_loop,385,inconsistent_guesser,0,4,1,0,,
ablation_no_derivative_filter,385,inconsistent_guesser,0,4,1,0,,
ablation_no_anti_windup,385,inconsistent_guesser,0,4,1,0,,
ablation_level_slew_limit,385,inconsistent_guesser,0,4,1,0,,
static,388,inconsistent_guesser,0,6,2,0,,
unconstrained_genui,388,inconsistent_guesser,0,6,1,0,,
rule_based,388,inconsistent_guesser,0,6,1,0,,
closed_loop,388,inconsistent_guesser,0,6,1,0,,
ablation_no_derivative_filter,388,inconsistent_guesser,0,6,1,0,,
ablation_no_anti_windup,388,inconsistent_guesser,0,6,1,0,,
ablation_level_slew_limit,388,inconsistent_guesser,0,6,1,0,,
static,390,inconsistent_guesser,12,16,2,0,,
unconstrained_genui,390,inconsistent_guesser,12,16,2,1,2,2
rule_based,390,inconsistent_guesser,12,16,1,0,,
closed_loop,390,inconsistent_guesser,12,16,1,0,,
ablation_no_derivative_filter,390,inconsistent_guesser,12,16,1,0,,
ablation_no_anti_windup,390,inconsistent_guesser,12,16,1,0,,
ablation_level_slew_limit,390,inconsistent_guesser,12,16,1,0,,
static,393,inconsistent_guesser,5,10,2,0,,
unconstrained_genui,393,inconsistent_guesser,5,10,2,1,1,2
rule_based,393,inconsistent_guesser,5,10,1,0,,
closed_loop,393,inconsistent_guesser,5,10,1,0,,
ablation_no_derivative_filter,393,inconsistent_guesser,5,10,1,0,,
ablation_no_anti_windup,393,inconsistent_guesser,5,10,1,0,,
ablation_level_slew_limit,393,inconsistent_guesser,5,10,1,0,,
static,396,inconsistent_guesser,4,10,2,0,,
unconstrained_genui,396,inconsistent_guesser,4,10,3,1,2,2
rule_based,396,inconsistent_guesser,4,10,1,0,,
closed_loop,396,inconsistent_guesser,4,10,2,1,1,3
ablation_no_derivative_filter,396,inconsistent_guesser,4,10,2,1,1,3
ablation_no_anti_windup,396,inconsistent_guesser,4,10,2,1,1,6
ablation_level_slew_limit,396,inconsistent_guesser,4,10,2,1,1,3
static,398,inconsistent_guesser,0,4,2,0,,
unconstrained_genui,398,inconsistent_guesser,0,4,2,1,1,2
rule_based,398,inconsistent_guesser,0,4,1,0,,
closed_loop,398,inconsistent_guesser,0,4,1,0,,
ablation_no_derivative_filter,398,inconsistent_guesser,0,4,1,0,,
ablation_no_anti_windup,398,inconsistent_guesser,0,4,1,0,,
ablation_level_slew_limit,398,inconsistent_guesser,0,4,1,0,,
static,402,inconsistent_guesser,9,13,2,0,,
unconstrained_genui,402,inconsistent_guesser,9,13,3,1,1,3
rule_based,402,inconsistent_guesser,9,13,1,0,,
closed_loop,402,inconsistent_guesser,9,13,1,0,,
ablation_no_derivative_filter,402,inconsistent_guesser,9,13,1,0,,
ablation_no_anti_windup,402,inconsistent_guesser,9,13,1,0,,
ablation_level_slew_limit,402,inconsistent_guesser,9,13,1,0,,
static,405,inconsistent_guesser,0,4,2,0,,
unconstrained_genui,405,inconsistent_guesser,0,4,1,0,,
rule_based,405,inconsistent_guesser,0,4,1,0,,
closed_loop,405,inconsistent_guesser,0,4,1,0,,
ablation_no_derivative_filter,405,inconsistent_guesser,0,4,1,0,,
ablation_no_anti_windup,405,inconsistent_guesser,0,4,1,0,,
ablation_level_slew_limit,405,inconsistent_guesser,0,4,1,0,,
static,429,inconsistent_guesser,0,4,2,0,,
unconstrained_genui,429,inconsistent_guesser,0,4,1,0,,
rule_based,429,inconsistent_guesser,0,4,1,0,,
closed_loop,429,inconsistent_guesser,0,4,1,0,,
ablation_no_derivative_filter,429,inconsistent_guesser,0,4,1,0,,
ablation_no_anti_windup,429,inconsistent_guesser,0,4,1,0,,
ablation_level_slew_limit,429,inconsistent_guesser,0,4,1,0,,
static,430,inconsistent_guesser,18,25,2,0,,
unconstrained_genui,430,inconsistent_guesser,18,25,3,1,5,2
rule_based,430,inconsistent_guesser,18,25,3,1,2,
closed_loop,430,inconsistent_guesser,18,25,4,1,4,9
ablation_no_derivative_filter,430,inconsistent_guesser,18,25,4,1,4,9
ablation_no_anti_windup,430,inconsistent_guesser,18,25,4,1,5,9
ablation_level_slew_limit,430,inconsistent_guesser,18,25,4,1,4,10
static,432,inconsistent_guesser,2,6,2,0,,
unconstrained_genui,432,inconsistent_guesser,2,6,2,1,1,2
rule_based,432,inconsistent_guesser,2,6,1,0,,
closed_loop,432,inconsistent_guesser,2,6,1,0,,
ablation_no_derivative_filter,432,inconsistent_guesser,2,6,1,0,,
ablation_no_anti_windup,432,inconsistent_guesser,2,6,1,0,,
ablation_level_slew_limit,432,inconsistent_guesser,2,6,1,0,,
static,442,inconsistent_guesser,34,38,2,0,,
unconstrained_genui,442,inconsistent_guesser,34,38,4,0,,
rule_based,442,inconsistent_guesser,34,38,2,1,2,
closed_loop,442,inconsistent_guesser,34,38,4,0,,
ablation_no_derivative_filter,442,inconsistent_guesser,34,38,4,0,,
ablation_no_anti_windup,442,inconsistent_guesser,34,38,4,0,,
ablation_level_slew_limit,442,inconsistent_guesser,34,38,4,0,,
static,445,inconsistent_guesser,0,4,2,0,,
static,445,inconsistent_guesser,6,11,2,0,,
unconstrained_genui,445,inconsistent_guesser,0,4,1,0,,
unconstrained_genui,445,inconsistent_guesser,6,11,3,1,1,2
rule_based,445,inconsistent_guesser,0,4,1,0,,
rule_based,445,inconsistent_guesser,6,11,1,0,,
closed_loop,445,inconsistent_guesser,0,4,1,0,,
closed_loop,445,inconsistent_guesser,6,11,1,0,,
ablation_no_derivative_filter,445,inconsistent_guesser,0,4,1,0,,
ablation_no_derivative_filter,445,inconsistent_guesser,6,11,1,0,,
ablation_no_anti_windup,445,inconsistent_guesser,0,4,1,0,,
ablation_no_anti_windup,445,inconsistent_guesser,6,11,1,0,,
ablation_level_slew_limit,445,inconsistent_guesser,0,4,1,0,,
ablation_level_slew_limit,445,inconsistent_guesser,6,11,1,0,,
static,452,inconsistent_guesser,3,10,2,0,,
unconstrained_genui,452,inconsistent_guesser,3,10,3,1,1,2
rule_based,452,inconsistent_guesser,3,10,1,0,,
closed_loop,452,inconsistent_guesser,3,10,2,1,1,3
ablation_no_derivative_filter,452,inconsistent_guesser,3,10,2,1,1,3
ablation_no_anti_windup,452,inconsistent_guesser,3,10,2,1,1,4
ablation_level_slew_limit,452,inconsistent_guesser,3,10,2,1,1,3
static,455,inconsistent_guesser,0,4,2,0,,
unconstrained_genui,455,inconsistent_guesser,0,4,2,1,1,2
rule_based,455,inconsistent_guesser,0,4,1,0,,
closed_loop,455,inconsistent_guesser,0,4,1,0,,
ablation_no_derivative_filter,455,inconsistent_guesser,0,4,1,0,,
ablation_no_anti_windup,455,inconsistent_guesser,0,4,1,0,,
ablation_level_slew_limit,455,inconsistent_guesser,0,4,1,0,,
static,456,inconsistent_guesser,11,21,2,0,,
unconstrained_genui,456,inconsistent_guesser,11,21,2,1,1,2
rule_based,456,inconsistent_guesser,11,21,1,0,,
closed_loop,456,inconsistent_guesser,11,21,1,0,,
ablation_no_derivative_filter,456,inconsistent_guesser,11,21,1,0,,
ablation_no_anti_windup,456,inconsistent_guesser,11,21,1,0,,
ablation_level_slew_limit,456,inconsistent_guesser,11,21,1,0,,
static,460,inconsistent_guesser,34,38,2,0,,
unconstrained_genui,460,inconsistent_guesser,34,38,4,1,3,
rule_based,460,inconsistent_guesser,34,38,4,1,2,
closed_loop,460,inconsistent_guesser,34,38,4,0,,
ablation_no_derivative_filter,460,inconsistent_guesser,34,38,4,0,,
ablation_no_anti_windup,460,inconsistent_guesser,34,38,4,0,,
ablation_level_slew_limit,460,inconsistent_guesser,34,38,4,0,,
static,472,inconsistent_guesser,5,12,2,0,,
unconstrained_genui,472,inconsistent_guesser,5,12,4,1,1,3
rule_based,472,inconsistent_guesser,5,12,1,0,,
closed_loop,472,inconsistent_guesser,5,12,2,1,1,3
ablation_no_derivative_filter,472,inconsistent_guesser,5,12,2,1,1,3
ablation_no_anti_windup,472,inconsistent_guesser,5,12,2,1,1,4
ablation_level_slew_limit,472,inconsistent_guesser,5,12,2,1,1,3
static,477,inconsistent_guesser,0,10,2,0,,
static,477,inconsistent_guesser,23,27,2,0,,
unconstrained_genui,477,inconsistent_guesser,0,10,1,0,,
unconstrained_genui,477,inconsistent_guesser,23,27,4,1,3,3
rule_based,477,inconsistent_guesser,0,10,1,0,,
rule_based,477,inconsistent_guesser,23,27,2,1,2,4
closed_loop,477,inconsistent_guesser,0,10,1,0,,
closed_loop,477,inconsistent_guesser,23,27,4,1,2,4
ablation_no_derivative_filter,477,inconsistent_guesser,0,10,1,0,,
ablation_no_derivative_filter,477,inconsistent_guesser,23,27,4,1,2,4
ablation_no_anti_windup,477,inconsistent_guesser,0,10,1,0,,
ablation_no_anti_windup,477,inconsistent_guesser,23,27,3,1,2,4
ablation_level_slew_limit,477,inconsistent_guesser,0,10,1,0,,
ablation_level_slew_limit,477,inconsistent_guesser,23,27,4,1,2,5
static,483,inconsistent_guesser,0,8,2,0,,
unconstrained_genui,483,inconsistent_guesser,0,8,2,1,2,2
rule_based,483,inconsistent_guesser,0,8,1,0,,
closed_loop,483,inconsistent_guesser,0,8,1,0,,
ablation_no_derivative_filter,483,inconsistent_guesser,0,8,1,0,,
ablation_no_anti_windup,483,inconsistent_guesser,0,8,1,0,,
ablation_level_slew_limit,483,inconsistent_guesser,0,8,1,0,,
static,486,inconsistent_guesser,1,6,2,0,,
unconstrained_genui,486,inconsistent_guesser,1,6,2,1,1,2
rule_based,486,inconsistent_guesser,1,6,1,0,,
closed_loop,486,inconsistent_guesser,1,6,1,0,,
ablation_no_derivative_filter,486,inconsistent_guesser,1,6,2,1,1,3
ablation_no_anti_windup,486,inconsistent_guesser,1,6,1,0,,
ablation_level_slew_limit,486,inconsistent_guesser,1,6,1,0,,
static,490,inconsistent_guesser,0,8,2,0,,
unconstrained_genui,490,inconsistent_guesser,0,8,1,0,,
rule_based,490,inconsistent_guesser,0,8,1,0,,
closed_loop,490,inconsistent_guesser,0,8,1,0,,
ablation_no_derivative_filter,490,inconsistent_guesser,0,8,1,0,,
ablation_no_anti_windup,490,inconsistent_guesser,0,8,1,0,,
ablation_level_slew_limit,490,inconsistent_guesser,0,8,1,0,,
static,492,inconsistent_guesser,2,9,2,0,,
unconstrained_genui,492,inconsistent_guesser,2,9,1,0,,
rule_based,492,inconsistent_guesser,2,9,1,0,,
closed_loop,492,inconsistent_guesser,2,9,1,0,,
ablation_no_derivative_filter,492,inconsistent_guesser,2,9,1,0,,
ablation_no_anti_windup,492,inconsistent_guesser,2,9,1,0,,
ablation_level_slew_limit,492,inconsistent_guesser,2,9,1,0,,
static,499,inconsistent_guesser,0,4,2,0,,
unconstrained_genui,499,inconsistent_guesser,0,4,1,0,,
rule_based,499,inconsistent_guesser,0,4,1,0,,
closed_loop,499,inconsistent_guesser,0,4,1,0,,
ablation_no_derivative_filter,499,inconsistent_guesser,0,4,1,0,,
ablation_no_anti_windup,499,inconsistent_guesser,0,4,1,0,,
ablation_level_slew_limit,499,inconsistent_guesser,0,4,1,0,,
static,508,inconsistent_guesser,0,5,2,0,,
unconstrained_genui,508,inconsistent_guesser,0,5,1,0,,
rule_based,508,inconsistent_guesser,0,5,1,0,,
closed_loop,508,inconsistent_guesser,0,5,1,0,,
ablation_no_derivative_filter,508,inconsistent_guesser,0,5,1,0,,
ablation_no_anti_windup,508,inconsistent_guesser,0,5,1,0,,
ablation_level_slew_limit,508,inconsistent_guesser,0,5,1,0,,
static,510,inconsistent_guesser,7,15,2,0,,
unconstrained_genui,510,inconsistent_guesser,7,15,4,1,2,3
rule_based,510,inconsistent_guesser,7,15,2,1,2,13
closed_loop,510,inconsistent_guesser,7,15,4,1,2,13
ablation_no_derivative_filter,510,inconsistent_guesser,7,15,4,1,1,13
ablation_no_anti_windup,510,inconsistent_guesser,7,15,4,1,2,17
ablation_level_slew_limit,510,inconsistent_guesser,7,15,4,1,2,14
static,513,inconsistent_guesser,0,6,2,0,,
unconstrained_genui,513,inconsistent_guesser,0,6,1,0,,
rule_based,513,inconsistent_guesser,0,6,1,0,,
closed_loop,513,inconsistent_guesser,0,6,1,0,,
ablation_no_derivative_filter,513,inconsistent_guesser,0,6,1,0,,
ablation_no_anti_windup,513,inconsistent_guesser,0,6,1,0,,
ablation_level_slew_limit,513,inconsistent_guesser,0,6,1,0,,
static,529,inconsistent_guesser,10,16,2,0,,
static,529,inconsistent_guesser,18,22,2,0,,
unconstrained_genui,529,inconsistent_guesser,10,16,3,1,1,8
unconstrained_genui,529,inconsistent_guesser,18,22,2,1,2,2
rule_based,529,inconsistent_guesser,10,16,1,0,,
rule_based,529,inconsistent_guesser,18,22,1,0,,
closed_loop,529,inconsistent_guesser,10,16,2,1,1,15
closed_loop,529,inconsistent_guesser,18,22,1,0,,
ablation_no_derivative_filter,529,inconsistent_guesser,10,16,2,1,1,10
ablation_no_derivative_filter,529,inconsistent_guesser,18,22,1,0,,
ablation_no_anti_windup,529,inconsistent_guesser,10,16,1,0,,
ablation_no_anti_windup,529,inconsistent_guesser,18,22,1,0,,
ablation_level_slew_limit,529,inconsistent_guesser,10,16,2,1,1,15
ablation_level_slew_limit,529,inconsistent_guesser,18,22,1,0,,
static,533,inconsistent_guesser,5,11,2,0,,
unconstrained_genui,533,inconsistent_guesser,5,11,2,1,1,2
rule_based,533,inconsistent_guesser,5,11,1,0,,
closed_loop,533,inconsistent_guesser,5,11,1,0,,
ablation_no_derivative_filter,533,inconsistent_guesser,5,11,1,0,,
ablation_no_anti_windup,533,inconsistent_guesser,5,11,1,0,,
ablation_level_slew_limit,533,inconsistent_guesser,5,11,1,0,,
static,534,inconsistent_guesser,7,14,2,0,,
unconstrained_genui,534,inconsistent_guesser,7,14,4,1,1,11
rule_based,534,inconsistent_guesser,7,14,1,0,,
closed_loop,534,inconsistent_guesser,7,14,1,0,,
ablation_no_derivative_filter,534,inconsistent_guesser,7,14,2,1,1,11
ablation_no_anti_windup,534,inconsistent_guesser,7,14,1,0,,
ablation_level_slew_limit,534,inconsistent_guesser,7,14,1,0,,
static,538,inconsistent_guesser,0,5,2,0,,
unconstrained_genui,538,inconsistent_guesser,0,5,2,1,1,5
rule_based,538,inconsistent_guesser,0,5,1,0,,
closed_loop,538,inconsistent_guesser,0,5,1,0,,
ablation_no_derivative_filter,538,inconsistent_guesser,0,5,1,0,,
ablation_no_anti_windup,538,inconsistent_guesser,0,5,1,0,,
ablation_level_slew_limit,538,inconsistent_guesser,0,5,1,0,,
static,540,inconsistent_guesser,0,13,2,0,,
unconstrained_genui,540,inconsistent_guesser,0,13,1,0,,
rule_based,540,inconsistent_guesser,0,13,1,0,,
closed_loop,540,inconsistent_guesser,0,13,1,0,,
ablation_no_derivative_filter,540,inconsistent_guesser,0,13,1,0,,
ablation_no_anti_windup,540,inconsistent_guesser,0,13,1,0,,
ablation_level_slew_limit,540,inconsistent_guesser,0,13,1,0,,
static,545,inconsistent_guesser,2,6,2,0,,
unconstrained_genui,545,inconsistent_guesser,2,6,1,0,,
rule_based,545,inconsistent_guesser,2,6,1,0,,
closed_loop,545,inconsistent_guesser,2,6,1,0,,
ablation_no_derivative_filter,545,inconsistent_guesser,2,6,1,0,,
ablation_no_anti_windup,545,inconsistent_guesser,2,6,1,0,,
ablation_level_slew_limit,545,inconsistent_guesser,2,6,1,0,,
static,551,inconsistent_guesser,1,7,2,0,,
unconstrained_genui,551,inconsistent_guesser,1,7,2,1,3,2
rule_based,551,inconsistent_guesser,1,7,1,0,,
closed_loop,551,inconsistent_guesser,1,7,1,0,,
ablation_no_derivative_filter,551,inconsistent_guesser,1,7,2,1,1,3
ablation_no_anti_windup,551,inconsistent_guesser,1,7,1,0,,
ablation_level_slew_limit,551,inconsistent_guesser,1,7,1,0,,
static,553,inconsistent_guesser,0,5,2,0,,
unconstrained_genui,553,inconsistent_guesser,0,5,1,0,,
rule_based,553,inconsistent_guesser,0,5,1,0,,
closed_loop,553,inconsistent_guesser,0,5,1,0,,
ablation_no_derivative_filter,553,inconsistent_guesser,0,5,1,0,,
ablation_no_anti_windup,553,inconsistent_guesser,0,5,1,0,,
ablation_level_slew_limit,553,inconsistent_guesser,0,5,1,0,,
static,560,inconsistent_guesser,0,6,2,0,,
unconstrained_genui,560,inconsistent_guesser,0,6,2,1,1,2
rule_based,560,inconsistent_guesser,0,6,1,0,,
closed_loop,560,inconsistent_guesser,0,6,1,0,,
ablation_no_derivative_filter,560,inconsistent_guesser,0,6,1,0,,
ablation_no_anti_windup,560,inconsistent_guesser,0,6,1,0,,
ablation_level_slew_limit,560,inconsistent_guesser,0,6,1,0,,
static,561,inconsistent_guesser,11,15,2,0,,
unconstrained_genui,561,inconsistent_guesser,11,15,3,1,1,3
rule_based,561,inconsistent_guesser,11,15,1,0,,
closed_loop,561,inconsistent_guesser,11,15,3,1,1,4
ablation_no_derivative_filter,561,inconsistent_guesser,11,15,3,1,1,4
ablation_no_anti_windup,561,inconsistent_guesser,11,15,2,1,1,4
ablation_level_slew_limit,561,inconsistent_guesser,11,15,2,1,1,3
static,567,inconsistent_guesser,1,5,2,0,,
unconstrained_genui,567,inconsistent_guesser,1,5,3,1,1,3
rule_based,567,inconsistent_guesser,1,5,1,0,,
closed_loop,567,inconsistent_guesser,1,5,1,0,,
ablation_no_derivative_filter,567,inconsistent_guesser,1,5,2,1,1,3
ablation_no_anti_windup,567,inconsistent_guesser,1,5,1,0,,
ablation_level_slew_limit,567,inconsistent_guesser,1,5,1,0,,
static,568,inconsistent_guesser,7,15,2,0,,
unconstrained_genui,568,inconsistent_guesser,7,15,4,1,1,5
rule_based,568,inconsistent_guesser,7,15,1,0,,
closed_loop,568,inconsistent_guesser,7,15,2,1,1,5
ablation_no_derivative_filter,568,inconsistent_guesser,7,15,2,1,1,4
ablation_no_anti_windup,568,inconsistent_guesser,7,15,2,1,1,6
ablation_level_slew_limit,568,inconsistent_guesser,7,15,2,1,1,5
static,570,inconsistent_guesser,1,6,2,0,,
unconstrained_genui,570,inconsistent_guesser,1,6,3,1,1,2
rule_based,570,inconsistent_guesser,1,6,1,0,,
closed_loop,570,inconsistent_guesser,1,6,1,0,,
ablation_no_derivative_filter,570,inconsistent_guesser,1,6,2,1,1,6
ablation_no_anti_windup,570,inconsistent_guesser,1,6,1,0,,
ablation_level_slew_limit,570,inconsistent_guesser,1,6,1,0,,
static,571,inconsistent_guesser,2,8,2,0,,
unconstrained_genui,571,inconsistent_guesser,2,8,3,1,1,3
rule_based,571,inconsistent_guesser,2,8,1,0,,
closed_loop,571,inconsistent_guesser,2,8,1,0,,
ablation_no_derivative_filter,571,inconsistent_guesser,2,8,1,0,,
ablation_no_anti_windup,571,inconsistent_guesser,2,8,1,0,,
ablation_level_slew_limit,571,inconsistent_guesser,2,8,1,0,,
static,572,inconsistent_guesser,0,5,2,0,,
unconstrained_genui,572,inconsistent_guesser,0,5,2,1,2,2
rule_based,572,inconsistent_guesser,0,5,1,0,,
closed_loop,572,inconsistent_guesser,0,5,1,0,,
ablation_no_derivative_filter,572,inconsistent_guesser,0,5,1,0,,
ablation_no_anti_windup,572,inconsistent_guesser,0,5,1,0,,
ablation_level_slew_limit,572,inconsistent_guesser,0,5,1,0,,
static,576,inconsistent_guesser,0,6,2,0,,
static,576,inconsistent_guesser,8,14,2,0,,
unconstrained_genui,576,inconsistent_guesser,0,6,2,1,2,2
unconstrained_genui,576,inconsistent_guesser,8,14,2,1,1,2
rule_based,576,inconsistent_guesser,0,6,1,0,,
rule_based,576,inconsistent_guesser,8,14,1,0,,
closed_loop,576,inconsistent_guesser,0,6,1,0,,
closed_loop,576,inconsistent_guesser,8,14,1,0,,
ablation_no_derivative_filter,576,inconsistent_guesser,0,6,1,0,,
ablation_no_derivative_filter,576,inconsistent_guesser,8,14,1,0,,
ablation_no_anti_windup,576,inconsistent_guesser,0,6,1,0,,
ablation_no_anti_windup,576,inconsistent_guesser,8,14,1,0,,
ablation_level_slew_limit,576,inconsistent_guesser,0,6,1,0,,
ablation_level_slew_limit,576,inconsistent_guesser,8,14,1,0,,
static,577,inconsistent_guesser,11,16,2,0,,
unconstrained_genui,577,inconsistent_guesser,11,16,3,1,1,3
rule_based,577,inconsistent_guesser,11,16,1,0,,
closed_loop,577,inconsistent_guesser,11,16,2,1,1,3
ablation_no_derivative_filter,577,inconsistent_guesser,11,16,2,1,1,3
ablation_no_anti_windup,577,inconsistent_guesser,11,16,1,0,,
ablation_level_slew_limit,577,inconsistent_guesser,11,16,2,1,1,3
static,582,inconsistent_guesser,6,13,2,0,,
unconstrained_genui,582,inconsistent_guesser,6,13,3,1,1,4
rule_based,582,inconsistent_guesser,6,13,1,0,,
closed_loop,582,inconsistent_guesser,6,13,2,1,1,5
ablation_no_derivative_filter,582,inconsistent_guesser,6,13,2,1,1,4
ablation_no_anti_windup,582,inconsistent_guesser,6,13,2,1,1,6
ablation_level_slew_limit,582,inconsistent_guesser,6,13,2,1,1,5
static,585,inconsistent_guesser,5,10,2,0,,
unconstrained_genui,585,inconsistent_guesser,5,10,3,1,1,5
rule_based,585,inconsistent_guesser,5,10,1,0,,
closed_loop,585,inconsistent_guesser,5,10,1,0,,
ablation_no_derivative_filter,585,inconsistent_guesser,5,10,1,0,,
ablation_no_anti_windup,585,inconsistent_guesser,5,10,1,0,,
ablation_level_slew_limit,585,inconsistent_guesser,5,10,1,0,,
static,592,inconsistent_guesser,0,5,2,0,,
unconstrained_genui,592,inconsistent_guesser,0,5,2,1,1,2
rule_based,592,inconsistent_guesser,0,5,1,0,,
closed_loop,592,inconsistent_guesser,0,5,1,0,,
ablation_no_derivative_filter,592,inconsistent_guesser,0,5,1,0,,
ablation_no_anti_windup,592,inconsistent_guesser,0,5,1,0,,
ablation_level_slew_limit,592,inconsistent_guesser,0,5,1,0,,
static,594,inconsistent_guesser,0,4,2,0,,
unconstrained_genui,594,inconsistent_guesser,0,4,2,1,1,2
rule_based,594,inconsistent_guesser,0,4,1,0,,
closed_loop,594,inconsistent_guesser,0,4,1,0,,
ablation_no_derivative_filter,594,inconsistent_guesser,0,4,1,0,,
ablation_no_anti_windup,594,inconsistent_guesser,0,4,1,0,,
ablation_level_slew_limit,594,inconsistent_guesser,0,4,1,0,,
static,598,inconsistent_guesser,0,4,2,0,,
unconstrained_genui,598,inconsistent_guesser,0,4,1,0,,
rule_based,598,inconsistent_guesser,0,4,1,0,,
closed_loop,598,inconsistent_guesser,0,4,1,0,,
ablation_no_derivative_filter,598,inconsistent_guesser,0,4,1,0,,
ablation_no_anti_windup,598,inconsistent_guesser,0,4,1,0,,
ablation_level_slew_limit,598,inconsistent_guesser,0,4,1,0,,
static,599,inconsistent_guesser,0,5,2,0,,
unconstrained_genui,599,inconsistent_guesser,0,5,1,0,,
rule_based,599,inconsistent_guesser,0,5,1,0,,
closed_loop,599,inconsistent_guesser,0,5,1,0,,
ablation_no_derivative_filter,599,inconsistent_guesser,0,5,1,0,,
ablation_no_anti_windup,599,inconsistent_guesser,0,5,1,0,,
ablation_level_slew_limit,599,inconsistent_guesser,0,5,1,0,,
static,600,inconsistent_guesser,1,10,2,0,,
static,600,inconsistent_guesser,20,24,2,0,,
unconstrained_genui,600,inconsistent_guesser,1,10,3,1,1,2
unconstrained_genui,600,inconsistent_guesser,20,24,3,1,1,2
rule_based,600,inconsistent_guesser,1,10,1,0,,
rule_based,600,inconsistent_guesser,20,24,1,0,,
closed_loop,600,inconsistent_guesser,1,10,1,0,,
closed_loop,600,inconsistent_guesser,20,24,1,0,,
ablation_no_derivative_filter,600,inconsistent_guesser,1,10,2,1,1,3
ablation_no_derivative_filter,600,inconsistent_guesser,20,24,1,0,,
ablation_no_anti_windup,600,inconsistent_guesser,1,10,1,0,,
ablation_no_anti_windup,600,inconsistent_guesser,20,24,1,0,,
ablation_level_slew_limit,600,inconsistent_guesser,1,10,1,0,,
ablation_level_slew_limit,600,inconsistent_guesser,20,24,1,0,,
static,603,inconsistent_guesser,13,19,2,0,,
static,603,inconsistent_guesser,21,25,2,0,,
unconstrained_genui,603,inconsistent_guesser,13,19,3,1,1,2
unconstrained_genui,603,inconsistent_guesser,21,25,3,1,1,3
rule_based,603,inconsistent_guesser,13,19,1,0,,
rule_based,603,inconsistent_guesser,21,25,1,0,,
closed_loop,603,inconsistent_guesser,13,19,2,1,1,9
closed_loop,603,inconsistent_guesser,21,25,1,0,,
ablation_no_derivative_filter,603,inconsistent_guesser,13,19,2,1,1,9
ablation_no_derivative_filter,603,inconsistent_guesser,21,25,1,0,,
ablation_no_anti_windup,603,inconsistent_guesser,13,19,1,0,,
ablation_no_anti_windup,603,inconsistent_guesser,21,25,1,0,,
ablation_level_slew_limit,603,inconsistent_guesser,13,19,2,1,1,9
ablation_level_slew_limit,603,inconsistent_guesser,21,25,1,0,,
static,605,inconsistent_guesser,0,4,2,0,,
unconstrained_genui,605,inconsistent_guesser,0,4,1,0,,
rule_based,605,inconsistent_guesser,0,4,1,0,,
closed_loop,605,inconsistent_guesser,0,4,1,0,,
ablation_no_derivative_filter,605,inconsistent_guesser,0,4,1,0,,
ablation_no_anti_windup,605,inconsistent_guesser,0,4,1,0,,
ablation_level_slew_limit,605,inconsistent_guesser,0,4,1,0,,
static,611,inconsistent_guesser,19,24,2,0,,
unconstrained_genui,611,inconsistent_guesser,19,24,4,1,6,2
rule_based,611,inconsistent_guesser,19,24,4,1,2,
closed_loop,611,inconsistent_guesser,19,24,4,1,6,5
ablation_no_derivative_filter,611,inconsistent_guesser,19,24,4,1,5,5
ablation_no_anti_windup,611,inconsistent_guesser,19,24,4,1,6,2
ablation_level_slew_limit,611,inconsistent_guesser,19,24,4,1,6,5
static,618,inconsistent_guesser,5,13,2,0,,
unconstrained_genui,618,inconsistent_guesser,5,13,3,1,1,4
rule_based,618,inconsistent_guesser,5,13,1,0,,
closed_loop,618,inconsistent_guesser,5,13,2,1,1,5
ablation_no_derivative_filter,618,inconsistent_guesser,5,13,2,1,1,4
ablation_no_anti_windup,618,inconsistent_guesser,5,13,2,1,1,6
ablation_level_slew_limit,618,inconsistent_guesser,5,13,2,1,1,5
static,629,inconsistent_guesser,0,4,2,0,,
unconstrained_genui,629,inconsistent_guesser,0,4,1,0,,
rule_based,629,inconsistent_guesser,0,4,1,0,,
closed_loop,629,inconsistent_guesser,0,4,1,0,,
ablation_no_derivative_filter,629,inconsistent_guesser,0,4,1,0,,
ablation_no_anti_windup,629,inconsistent_guesser,0,4,1,0,,
ablation_level_slew_limit,629,inconsistent_guesser,0,4,1,0,,
static,632,inconsistent_guesser,0,6,2,0,,
unconstrained_genui,632,inconsistent_guesser,0,6,1,0,,
rule_based,632,inconsistent_guesser,0,6,1,0,,
closed_loop,632,inconsistent_guesser,0,6,1,0,,
ablation_no_derivative_filter,632,inconsistent_guesser,0,6,1,0,,
ablation_no_anti_windup,632,inconsistent_guesser,0,6,1,0,,
ablation_level_slew_limit,632,inconsistent_guesser,0,6,1,0,,
static,638,inconsistent_guesser,1,7,2,0,,
static,638,inconsistent_guesser,10,16,2,0,,
unconstrained_genui,638,inconsistent_guesser,1,7,2,1,1,2
unconstrained_genui,638,inconsistent_guesser,10,16,4,1,1,11
rule_based,638,inconsistent_guesser,1,7,1,0,,
rule_based,638,inconsistent_guesser,10,16,1,0,,
closed_loop,638,inconsistent_guesser,1,7,1,0,,
closed_loop,638,inconsistent_guesser,10,16,2,1,1,4
ablation_no_derivative_filter,638,inconsistent_guesser,1,7,2,1,1,3
ablation_no_derivative_filter,638,inconsistent_guesser,10,16,2,1,1,4
ablation_no_anti_windup,638,inconsistent_guesser,1,7,1,0,,
ablation_no_anti_windup,638,inconsistent_guesser,10,16,1,0,,
ablation_level_slew_limit,638,inconsistent_guesser,1,7,1,0,,
ablation_level_slew_limit,638,inconsistent_guesser,10,16,2,1,1,4
static,641,inconsistent_guesser,0,5,2,0,,
unconstrained_genui,641,inconsistent_guesser,0,5,1,0,,
rule_based,641,inconsistent_guesser,0,5,1,0,,
closed_loop,641,inconsistent_guesser,0,5,1,0,,
ablation_no_derivative_filter,641,inconsistent_guesser,0,5,1,0,,
ablation_no_anti_windup,641,inconsistent_guesser,0,5,1,0,,
ablation_level_slew_limit,641,inconsistent_guesser,0,5,1,0,,
static,649,inconsistent_guesser,8,18,2,0,,
unconstrained_genui,649,inconsistent_guesser,8,18,3,1,1,2
rule_based,649,inconsistent_guesser,8,18,1,0,,
closed_loop,649,inconsistent_guesser,8,18,1,0,,
ablation_no_derivative_filter,649,inconsistent_guesser,8,18,2,1,1,3
ablation_no_anti_windup,649,inconsistent_guesser,8,18,1,0,,
ablation_level_slew_limit,649,inconsistent_guesser,8,18,1,0,,
static,652,inconsistent_guesser,0,5,2,0,,
unconstrained_genui,652,inconsistent_guesser,0,5,1,0,,
rule_based,652,inconsistent_guesser,0,5,1,0,,
closed_loop,652,inconsistent_guesser,0,5,1,0,,
ablation_no_derivative_filter,652,inconsistent_guesser,0,5,1,0,,
ablation_no_anti_windup,652,inconsistent_guesser,0,5,1,0,,
ablation_level_slew_limit,652,inconsistent_guesser,0,5,1,0,,
static,658,inconsistent_guesser,0,4,2,0,,
unconstrained_genui,658,inconsistent_guesser,0,4,1,0,,
rule_based,658,inconsistent_guesser,0,4,1,0,,
closed_loop,658,inconsistent_guesser,0,4,1,0,,
ablation_no_derivative_filter,658,inconsistent_guesser,0,4,1,0,,
ablation_no_anti_windup,658,inconsistent_guesser,0,4,1,0,,
ablation_level_slew_limit,658,inconsistent_guesser,0,4,1,0,,
static,663,inconsistent_guesser,1,10,2,0,,
unconstrained_genui,663,inconsistent_guesser,1,10,2,1,1,2
rule_based,663,inconsistent_guesser,1,10,1,0,,
closed_loop,663,inconsistent_guesser,1,10,1,0,,
ablation_no_derivative_filter,663,inconsistent_guesser,1,10,2,1,1,4
ablation_no_anti_windup,663,inconsistent_guesser,1,10,1,0,,
ablation_level_slew_limit,663,inconsistent_guesser,1,10,1,0,,
static,667,inconsistent_guesser,3,7,2,0,,
unconstrained_genui,667,inconsistent_guesser,3,7,3,1,1,2
rule_based,667,inconsistent_guesser,3,7,1,0,,
closed_loop,667,inconsistent_guesser,3,7,1,0,,
ablation_no_derivative_filter,667,inconsistent_guesser,3,7,1,0,,
ablation_no_anti_windup,667,inconsistent_guesser,3,7,1,0,,
ablation_level_slew_limit,667,inconsistent_guesser,3,7,1,0,,
static,676,inconsistent_guesser,0,6,2,0,,
unconstrained_genui,676,inconsistent_guesser,0,6,2,1,1,2
rule_based,676,inconsistent_guesser,0,6,1,0,,
closed_loop,676,inconsistent_guesser,0,6,1,0,,
ablation_no_derivative_filter,676,inconsistent_guesser,0,6,1,0,,
ablation_no_anti_windup,676,inconsistent_guesser,0,6,1,0,,
ablation_level_slew_limit,676,inconsistent_guesser,0,6,1,0,,
static,679,inconsistent_guesser,0,5,2,0,,
unconstrained_genui,679,inconsistent_guesser,0,5,1,0,,
rule_based,679,inconsistent_guesser,0,5,1,0,,
closed_loop,679,inconsistent_guesser,0,5,1,0,,
ablation_no_derivative_filter,679,inconsistent_guesser,0,5,1,0,,
ablation_no_anti_windup,679,inconsistent_guesser,0,5,1,0,,
ablation_level_slew_limit,679,inconsistent_guesser,0,5,1,0,,
static,682,inconsistent_guesser,5,9,2,0,,
unconstrained_genui,682,inconsistent_guesser,5,9,3,1,3,3
rule_based,682,inconsistent_guesser,5,9,2,1,2,4
closed_loop,682,inconsistent_guesser,5,9,4,1,1,4
ablation_no_derivative_filter,682,inconsistent_guesser,5,9,4,1,1,4
ablation_no_anti_windup,682,inconsistent_guesser,5,9,4,1,1,5
ablation_level_slew_limit,682,inconsistent_guesser,5,9,3,1,1,4
static,692,inconsistent_guesser,1,12,2,0,,
unconstrained_genui,692,inconsistent_guesser,1,12,3,1,1,7
rule_based,692,inconsistent_guesser,1,12,1,0,,
closed_loop,692,inconsistent_guesser,1,12,2,1,1,15
ablation_no_derivative_filter,692,inconsistent_guesser,1,12,2,1,1,4
ablation_no_anti_windup,692,inconsistent_guesser,1,12,2,1,1,17
ablation_level_slew_limit,692,inconsistent_guesser,1,12,2,1,1,15
static,716,fast_master,11,15,2,0,,
unconstrained_genui,716,fast_master,11,15,4,1,1,3
rule_based,716,fast_master,11,15,1,0,,
closed_loop,716,fast_master,11,15,1,0,,
ablation_no_derivative_filter,716,fast_master,11,15,2,1,1,3
ablation_no_anti_windup,716,fast_master,11,15,1,0,,
ablation_level_slew_limit,716,fast_master,11,15,1,0,,
static,718,fast_master,0,5,2,0,,
unconstrained_genui,718,fast_master,0,5,1,0,,
rule_based,718,fast_master,0,5,1,0,,
closed_loop,718,fast_master,0,5,1,0,,
ablation_no_derivative_filter,718,fast_master,0,5,1,0,,
ablation_no_anti_windup,718,fast_master,0,5,1,0,,
ablation_level_slew_limit,718,fast_master,0,5,1,0,,
static,731,fast_master,0,5,2,0,,
unconstrained_genui,731,fast_master,0,5,1,0,,
rule_based,731,fast_master,0,5,1,0,,
closed_loop,731,fast_master,0,5,1,0,,
ablation_no_derivative_filter,731,fast_master,0,5,1,0,,
ablation_no_anti_windup,731,fast_master,0,5,1,0,,
ablation_level_slew_limit,731,fast_master,0,5,1,0,,
static,771,fast_master,4,10,2,0,,
unconstrained_genui,771,fast_master,4,10,3,1,1,2
rule_based,771,fast_master,4,10,1,0,,
closed_loop,771,fast_master,4,10,1,0,,
ablation_no_derivative_filter,771,fast_master,4,10,1,0,,
ablation_no_anti_windup,771,fast_master,4,10,1,0,,
ablation_level_slew_limit,771,fast_master,4,10,1,0,,
static,778,fast_master,3,15,2,0,,
static,778,fast_master,17,21,2,0,,
static,778,fast_master,23,30,2,0,,
unconstrained_genui,778,fast_master,3,15,3,1,1,17
unconstrained_genui,778,fast_master,17,21,2,1,1,2
unconstrained_genui,778,fast_master,23,30,2,1,1,2
rule_based,778,fast_master,3,15,1,0,,
rule_based,778,fast_master,17,21,1,0,,
rule_based,778,fast_master,23,30,1,0,,
closed_loop,778,fast_master,3,15,1,0,,
closed_loop,778,fast_master,17,21,1,0,,
closed_loop,778,fast_master,23,30,1,0,,
ablation_no_derivative_filter,778,fast_master,3,15,1,0,,
ablation_no_derivative_filter,778,fast_master,17,21,1,0,,
ablation_no_derivative_filter,778,fast_master,23,30,1,0,,
ablation_no_anti_windup,778,fast_master,3,15,1,0,,
ablation_no_anti_windup,778,fast_master,17,21,1,0,,
ablation_no_anti_windup,778,fast_master,23,30,1,0,,
ablation_level_slew_limit,778,fast_master,3,15,1,0,,
ablation_level_slew_limit,778,fast_master,17,21,1,0,,
ablation_level_slew_limit,778,fast_master,23,30,1,0,,
static,802,fast_master,0,4,2,0,,
unconstrained_genui,802,fast_master,0,4,2,1,2,2
rule_based,802,fast_master,0,4,1,0,,
closed_loop,802,fast_master,0,4,1,0,,
ablation_no_derivative_filter,802,fast_master,0,4,1,0,,
ablation_no_anti_windup,802,fast_master,0,4,1,0,,
ablation_level_slew_limit,802,fast_master,0,4,1,0,,
static,810,fast_master,0,4,2,0,,
unconstrained_genui,810,fast_master,0,4,2,1,1,2
rule_based,810,fast_master,0,4,1,0,,
closed_loop,810,fast_master,0,4,1,0,,
ablation_no_derivative_filter,810,fast_master,0,4,1,0,,
ablation_no_anti_windup,810,fast_master,0,4,1,0,,
ablation_level_slew_limit,810,fast_master,0,4,1,0,,
static,814,fast_master,2,6,2,0,,
unconstrained_genui,814,fast_master,2,6,4,1,1,3
rule_based,814,fast_master,2,6,1,0,,
closed_loop,814,fast_master,2,6,2,1,1,3
ablation_no_derivative_filter,814,fast_master,2,6,3,1,1,4
ablation_no_anti_windup,814,fast_master,2,6,2,1,1,3
ablation_level_slew_limit,814,fast_master,2,6,2,1,1,3
static,841,fast_master,0,4,2,0,,
unconstrained_genui,841,fast_master,0,4,1,0,,
rule_based,841,fast_master,0,4,1,0,,
closed_loop,841,fast_master,0,4,1,0,,
ablation_no_derivative_filter,841,fast_master,0,4,1,0,,
ablation_no_anti_windup,841,fast_master,0,4,1,0,,
ablation_level_slew_limit,841,fast_master,0,4,1,0,,
static,857,fast_master,0,5,2,0,,
unconstrained_genui,857,fast_master,0,5,1,0,,
rule_based,857,fast_master,0,5,1,0,,
closed_loop,857,fast_master,0,5,1,0,,
ablation_no_derivative_filter,857,fast_master,0,5,1,0,,
ablation_no_anti_windup,857,fast_master,0,5,1,0,,
ablation_level_slew_limit,857,fast_master,0,5,1,0,,
static,860,fast_master,0,6,2,0,,
unconstrained_genui,860,fast_master,0,6,2,1,1,2
rule_based,860,fast_master,0,6,1,0,,
closed_loop,860,fast_master,0,6,1,0,,
ablation_no_derivative_filter,860,fast_master,0,6,1,0,,
ablation_no_anti_windup,860,fast_master,0,6,1,0,,
ablation_level_slew_limit,860,fast_master,0,6,1,0,,
static,861,fast_master,0,9,2,0,,
unconstrained_genui,861,fast_master,0,9,2,1,3,2
rule_based,861,fast_master,0,9,1,0,,
closed_loop,861,fast_master,0,9,1,0,,
ablation_no_derivative_filter,861,fast_master,0,9,1,0,,
ablation_no_anti_windup,861,fast_master,0,9,1,0,,
ablation_level_slew_limit,861,fast_master,0,9,1,0,,
static,896,fast_master,0,5,2,0,,
unconstrained_genui,896,fast_master,0,5,1,0,,
rule_based,896,fast_master,0,5,1,0,,
closed_loop,896,fast_master,0,5,1,0,,
ablation_no_derivative_filter,896,fast_master,0,5,1,0,,
ablation_no_anti_windup,896,fast_master,0,5,1,0,,
ablation_level_slew_limit,896,fast_master,0,5,1,0,,
static,907,fast_master,0,5,2,0,,
unconstrained_genui,907,fast_master,0,5,1,0,,
rule_based,907,fast_master,0,5,1,0,,
closed_loop,907,fast_master,0,5,1,0,,
ablation_no_derivative_filter,907,fast_master,0,5,1,0,,
ablation_no_anti_windup,907,fast_master,0,5,1,0,,
ablation_level_slew_limit,907,fast_master,0,5,1,0,,
static,921,fast_master,0,7,2,0,,
unconstrained_genui,921,fast_master,0,7,2,1,2,2
rule_based,921,fast_master,0,7,1,0,,
closed_loop,921,fast_master,0,7,1,0,,
ablation_no_derivative_filter,921,fast_master,0,7,1,0,,
ablation_no_anti_windup,921,fast_master,0,7,1,0,,
ablation_level_slew_limit,921,fast_master,0,7,1,0,,
static,924,fast_master,0,5,2,0,,
unconstrained_genui,924,fast_master,0,5,1,0,,
rule_based,924,fast_master,0,5,1,0,,
closed_loop,924,fast_master,0,5,1,0,,
ablation_no_derivative_filter,924,fast_master,0,5,1,0,,
ablation_no_anti_windup,924,fast_master,0,5,1,0,,
ablation_level_slew_limit,924,fast_master,0,5,1,0,,
static,935,fast_master,4,12,2,0,,
unconstrained_genui,935,fast_master,4,12,2,1,1,2
rule_based,935,fast_master,4,12,1,0,,
closed_loop,935,fast_master,4,12,1,0,,
ablation_no_derivative_filter,935,fast_master,4,12,1,0,,
ablation_no_anti_windup,935,fast_master,4,12,1,0,,
ablation_level_slew_limit,935,fast_master,4,12,1,0,,
static,948,fast_master,0,4,2,0,,
unconstrained_genui,948,fast_master,0,4,2,1,1,2
rule_based,948,fast_master,0,4,1,0,,
closed_loop,948,fast_master,0,4,1,0,,
ablation_no_derivative_filter,948,fast_master,0,4,1,0,,
ablation_no_anti_windup,948,fast_master,0,4,1,0,,
ablation_level_slew_limit,948,fast_master,0,4,1,0,,
static,952,fast_master,0,4,2,0,,
unconstrained_genui,952,fast_master,0,4,1,0,,
rule_based,952,fast_master,0,4,1,0,,
closed_loop,952,fast_master,0,4,1,0,,
ablation_no_derivative_filter,952,fast_master,0,4,1,0,,
ablation_no_anti_windup,952,fast_master,0,4,1,0,,
ablation_level_slew_limit,952,fast_master,0,4,1,0,,
static,972,fast_master,0,4,2,0,,
unconstrained_genui,972,fast_master,0,4,1,0,,
rule_based,972,fast_master,0,4,1,0,,
closed_loop,972,fast_master,0,4,1,0,,
ablation_no_derivative_filter,972,fast_master,0,4,1,0,,
ablation_no_anti_windup,972,fast_master,0,4,1,0,,
ablation_level_slew_limit,972,fast_master,0,4,1,0,,
static,979,fast_master,0,4,2,0,,
unconstrained_genui,979,fast_master,0,4,2,1,1,2
rule_based,979,fast_master,0,4,1,0,,
closed_loop,979,fast_master,0,4,1,0,,
ablation_no_derivative_filter,979,fast_master,0,4,1,0,,
ablation_no_anti_windup,979,fast_master,0,4,1,0,,
ablation_level_slew_limit,979,fast_master,0,4,1,0,,
static,999,fast_master,0,5,2,0,,
unconstrained_genui,999,fast_master,0,5,2,1,1,2
rule_based,999,fast_master,0,5,1,0,,
closed_loop,999,fast_master,0,5,1,0,,
ablation_no_derivative_filter,999,fast_master,0,5,1,0,,
ablation_no_anti_windup,999,fast_master,0,5,1,0,,
ablation_level_slew_limit,999,fast_master,0,5,1,0,,
